user_id,show_id,rating
7155,6449,0
2004,2111,1
4107,819,0
3469,2897,0
6823,6799,1
263,7954,0
7010,330,0
8987,5332,0
562,5332,1
149,583,0
6735,7638,0
5778,5332,0
4190,6640,1
4389,533,1
4074,2897,0
2270,6563,1
7283,181,0
3951,7660,0
4115,7996,0
2172,583,0
8040,6793,0
1678,300,0
3664,7913,0
156,6212,0
2776,8188,0
4252,47,1
8240,7863,0
2142,7954,0
9992,4952,0
2012,328,0
1403,6255,1
6571,7954,1
5283,5363,0
8128,6284,1
3387,47,0
7776,7638,0
5283,330,0
6982,7621,0
974,3046,0
4020,8188,1
481,7945,0
461,7913,0
7010,5332,1
9012,4952,0
1184,140,1
2102,6511,0
3653,7638,1
3624,1588,0
3355,6360,0
4020,6793,0
8964,8306,0
4507,8189,1
389,8257,0
3173,7199,0
5889,6129,1
6735,1945,1
6989,6511,0
2369,6793,0
1677,3046,0
4717,7304,0
1646,6609,0
6587,953,1
2374,583,0
1819,2165,0
1850,531,1
6416,7825,0
6234,783,0
3793,2897,0
3023,330,0
2213,5004,0
6029,8111,1
7181,5332,0
1677,4766,0
8651,2590,0
5109,7621,0
4414,7954,0
8832,6793,0
3417,47,0
7952,6511,0
5734,7245,0
5109,6212,0
8227,2356,0
9138,533,0
3125,585,0
7863,2897,1
3951,2717,1
2776,5530,0
3586,6511,1
2374,5717,0
461,5363,0
487,6642,0
9378,2356,0
7302,6212,0
1085,7638,1
2672,7913,0
6807,3941,0
3023,7199,0
9852,7954,0
8240,6213,0
5957,2165,1
5006,6793,0
9450,6360,0
8747,1815,1
2451,6213,0
4305,1815,0
5773,8594,0
1109,7126,0
8833,6793,1
816,959,0
4695,6438,0
227,583,0
389,330,1
4733,6148,0
440,6362,0
3524,5363,0
5889,8188,1
5815,5363,1
9261,6640,1
7990,6609,0
8558,330,0
4880,7825,0
415,330,0
5123,2280,1
7776,7209,0
2186,2721,0
9246,300,0
1854,6640,0
227,6115,0
3071,7211,0
160,7945,0
3248,6609,0
8833,171,0
7828,585,0
6232,47,0
897,8257,0
7007,8284,0
6116,1255,0
6552,5332,0
7181,427,0
3023,5004,0
7570,5954,0
8465,3771,0
1850,6360,0
8492,7638,0
2272,6284,0
5935,6511,0
7854,2805,0
6982,7954,0
6404,2165,0
9290,6255,0
1767,6942,0
8492,7945,0
9448,7954,0
2316,330,0
9012,6362,0
3387,7621,1
9245,6360,0
4961,7080,0
2334,5332,0
2102,2208,0
7682,6255,0
5987,6744,1
6374,2165,0
8309,300,0
8368,47,0
2357,2208,0
7570,2165,0
2776,7531,0
6440,2356,1
5705,2897,0
3071,7828,0
3778,7945,1
3759,7863,0
3958,165,1
7125,2721,1
7856,567,0
6450,7209,0
8153,1020,1
5427,1020,0
4140,7863,0
4605,7756,0
5957,5363,0
5194,8039,0
974,7863,0
6239,2165,1
7050,7945,0
8238,6,0
1850,6609,0
7677,7913,0
6823,5363,0
5254,8527,0
2035,7963,0
4605,8594,0
9536,2590,0
8492,6793,0
4880,594,1
7742,47,0
4389,4993,1
9672,609,0
5123,268,1
4570,7863,0
7970,7963,0
5773,1139,1
3469,7209,1
9374,7304,0
7637,1161,0
7677,7199,0
8681,5530,0
6587,6640,1
5773,7954,0
2172,8691,0
4717,47,0
7970,3269,1
9287,6620,0
3083,358,0
4934,6942,0
1482,4646,0
2082,3186,1
5987,5954,0
867,6511,0
1646,1815,0
2451,6511,0
2401,268,1
3624,7126,0
487,42,1
3589,1020,0
8153,7316,0
5838,594,1
2082,6563,0
4324,6511,0
9374,330,0
4190,8236,0
6339,5363,0
6116,8198,0
4570,2165,0
5423,5530,0
3759,5332,0
7441,6360,0
8227,7945,0
1404,5332,0
6552,7531,0
9246,7638,0
4934,1622,0
5109,7531,0
2844,8188,0
3653,8190,0
8117,47,0
227,7715,0
1767,7913,0
9536,956,0
4880,5334,1
8227,330,0
3255,6511,0
8240,8190,1
8681,7209,0
6702,140,0
9667,6019,0
8153,7863,1
1471,7913,0
9973,3046,0
5906,7954,0
8651,7199,0
5773,638,1
305,4046,0
8240,6360,0
5889,2165,0
6386,836,0
3248,7304,1
8040,3941,0
2102,6563,1
8987,8236,0
6234,7863,0
559,7715,1
389,3914,0
7637,5954,0
8583,47,0
6374,6744,1
4594,7954,0
3255,6793,0
3663,7621,0
1854,7945,0
2082,6255,1
2213,7621,1
8683,7080,0
5114,819,0
3469,4376,0
5042,6438,1
5987,25,0
6155,7621,1
3071,956,0
8368,594,1
3453,583,0
7747,531,0
2334,6640,0
4695,2805,1
7570,7080,1
7991,7638,0
4249,6642,0
3684,7638,0
9740,2111,0
4610,7863,0
4190,42,1
3515,583,0
6823,6640,0
415,7621,0
6986,5004,0
2394,4046,0
5778,8257,0
2374,6306,0
6986,2590,0
3313,7304,0
3641,7954,0
3000,956,0
4265,7638,0
4619,6511,0
4265,3941,0
3173,5363,0
5423,7304,0
1109,8092,0
2949,6212,0
9758,6115,1
8920,5954,0
4611,5004,0
3641,6799,1
1057,7211,0
3524,8257,0
7856,7954,0
525,6620,0
461,8257,0
8511,8257,0
4140,4046,1
461,7316,0
942,330,0
4961,6511,1
7125,6793,0
3589,6310,0
3000,268,1
6760,8527,0
9374,6942,0
7302,5332,0
2949,8257,0
7990,147,1
8240,6511,0
7007,7863,0
4605,7126,1
7052,585,0
1850,47,0
4553,6563,0
3641,47,0
9401,8257,0
7776,5332,0
1482,7304,1
7776,6511,0
1980,783,1
4610,3046,0
4695,6,0
4605,1744,1
1517,5004,0
7050,638,0
7045,334,0
4687,8198,0
1678,2356,0
6386,6306,0
2142,5363,0
8577,609,1
5220,7996,0
1398,4671,0
1057,6255,0
3000,7209,0
8999,330,0
3589,1994,1
7846,7863,0
3328,7638,0
3510,7412,0
224,3771,0
224,7209,0
4140,7621,0
5337,531,0
9261,4646,0
9987,8236,1
6888,567,1
3515,6511,0
7125,47,0
3664,2165,0
4635,8152,1
8832,7863,1
2082,2445,0
8999,1034,0
8920,3186,0
6244,2721,0
1783,956,1
3969,7994,0
9520,7621,0
5370,7304,0
2651,531,0
6494,783,0
2225,6642,0
2651,7412,0
6986,4646,0
2401,783,0
6875,330,0
263,531,0
6494,5332,0
2186,6642,0
4190,268,1
5006,334,0
3469,8236,1
6587,7954,0
5006,4646,0
5235,7963,0
4214,5332,0
8833,6736,1
5987,6082,0
1767,7906,1
3524,6360,1
1677,7199,0
4856,956,0
5987,1994,1
4140,783,0
1850,7209,0
487,6148,0
7382,7945,0
4115,583,1
3589,6115,0
6098,1815,0
6234,2897,0
5773,6323,1
7570,25,1
7678,2165,0
6416,7199,0
9012,5363,0
9240,7863,1
149,2793,0
3255,6642,0
4414,7531,0
9478,427,0
2270,6511,0
8651,7954,0
4605,4671,0
415,5332,0
5235,7621,1
4190,1306,0
8240,1306,0
5037,6640,1
6116,330,0
5220,6563,1
392,7913,0
3003,4952,0
123,5332,0
487,6255,0
440,2805,0
4182,8284,0
9288,25,0
9672,7621,0
7637,7412,0
3744,7316,1
7637,8188,1
3328,7913,0
4695,5332,0
6244,268,0
3023,25,0
8983,7954,0
8579,7963,0
2142,5004,0
6796,7621,1
3160,7715,0
9941,6255,0
2270,8603,0
1646,5363,0
6450,6255,0
7440,5332,0
6098,783,0
1403,531,0
5361,6,0
5220,5332,0
6386,4552,1
8105,6255,1
3664,5004,0
916,7209,0
4127,5004,1
4695,7531,1
1398,6019,1
1085,836,0
867,8075,0
2688,7245,0
149,6360,0
2091,583,0
1980,427,1
8920,5332,0
9740,7316,0
4619,7954,0
7683,2735,1
6494,7316,0
9536,7306,0
4695,6115,1
7856,6563,0
8964,7199,0
2844,345,0
5254,3941,0
3492,8250,0
7053,7638,0
6755,7863,0
7007,6019,0
8309,2111,1
3969,3046,0
5337,594,0
9861,5004,0
1783,585,0
8978,178,1
1429,819,0
1404,956,1
2949,6842,0
3313,1020,1
7053,7304,0
1838,1815,0
4501,7825,0
9973,7954,0
5235,6511,0
6386,3914,0
7863,1815,1
9240,7963,1
3349,7954,1
927,4582,0
4182,140,0
4570,5954,0
6450,3941,0
4965,6360,0
1980,6563,0
123,6255,0
8309,1643,1
3232,7304,0
6823,6212,0
2309,6310,0
4430,533,0
9672,7199,0
8651,1815,0
6587,7199,0
6552,6723,0
6875,6942,0
2402,7954,0
5114,5332,0
6986,7199,0
2394,8257,0
3071,7126,0
6842,330,0
3328,2356,0
4074,6642,1
4501,1622,0
1681,2897,0
1677,171,1
1482,7954,1
1088,6793,0
2466,7316,1
305,5332,1
2844,1306,0
4214,2735,1
6116,7621,0
3328,5004,0
3417,6255,0
6587,533,0
4182,6799,1
4635,7304,0
3355,8189,0
2082,8188,0
9240,42,1
816,6212,0
5330,6255,0
4214,7945,1
5498,171,0
2374,6115,0
7007,7126,0
2776,6255,0
9740,7954,0
2056,4646,0
2134,8257,0
9672,180,0
3453,6511,0
5370,4646,0
2270,3046,0
2272,6744,0
4214,6438,1
6494,6723,0
4570,1815,1
8128,2165,0
4184,5004,0
4925,533,0
8583,609,0
9740,47,0
3026,6115,0
3969,956,0
392,7304,0
6794,956,0
461,1643,0
156,5363,0
2149,7945,1
7165,5332,0
847,6019,0
3515,2356,1
7856,7209,0
8511,7945,0
5164,533,0
3798,6511,1
9124,7913,0
2102,5334,0
3663,7954,0
4965,956,0
4115,3186,0
3026,2165,0
1403,5004,0
7273,533,0
4200,6115,0
5906,7304,0
7007,956,0
9667,2356,0
6807,2111,0
7846,8236,0
6416,7945,0
5773,1643,1
3053,5530,0
440,609,1
6339,6511,1
3589,7638,0
3083,6398,0
7919,7306,0
2004,330,0
9478,1622,0
3793,6310,0
5889,6744,0
227,8284,0
4252,181,0
4190,2590,1
4959,531,0
2225,8111,1
2651,7304,0
1134,6360,0
9246,2697,0
4961,180,0
9012,6942,0
9852,7304,0
5957,3941,0
5979,7963,1
1404,2590,1
6494,6620,0
3951,7304,0
5103,5004,1
4180,5363,0
6239,8188,0
6239,7954,1
263,7199,0
2451,7209,0
3798,8111,0
4184,819,0
2401,7913,0
3663,140,0
9791,7828,0
7053,8306,0
9374,2165,0
8227,8236,0
3173,7638,0
3417,7304,0
6788,47,0
9728,47,1
4467,531,0
9667,7954,1
5773,1588,0
3759,6642,0
6587,178,1
1109,6449,0
9987,6563,1
9124,533,0
2677,7306,0
867,4646,0
6807,330,0
7053,7996,1
2394,47,1
4961,3046,0
4610,6360,0
8583,8306,0
8040,783,0
3589,300,1
149,7954,0
6735,2721,1
8492,6213,0
3515,268,0
8806,140,0
2102,128,0
1134,7304,0
3517,6609,0
881,956,0
7283,7638,0
9170,1306,0
7053,1255,0
2012,7994,0
2688,6511,0
378,6793,0
4430,7199,0
1088,6255,0
2844,6360,0
8105,7199,0
6450,25,0
5164,6640,0
3663,330,0
2035,5332,0
1403,6212,0
9124,6115,0
6386,6563,1
6823,8257,0
5330,6511,0
1057,8527,0
3026,819,0
4107,7621,1
4961,7954,0
5778,7638,1
562,783,0
3969,6,0
2374,8250,0
1156,5363,0
2776,7913,0
8492,7954,0
456,7126,1
2270,1255,0
4605,8139,0
9992,7211,1
4501,5332,1
6386,4582,0
7970,2590,1
8511,6019,1
3160,7863,0
4501,7638,0
8833,6448,0
927,956,0
8978,7954,0
8153,4006,1
5361,6360,1
4695,956,0
7776,6744,1
2525,3186,1
7683,2356,0
7045,6448,0
1429,6255,0
5237,7621,0
8128,1815,0
7970,7913,1
1677,2735,0
3862,583,0
4594,7316,0
2949,6115,0
1134,7199,0
5423,6360,0
8240,2165,0
2949,178,0
8579,7913,0
6735,1588,1
8770,7412,1
227,5363,0
6690,7963,1
1681,7954,0
2402,7122,0
6440,5530,0
897,6360,0
3026,3941,0
5734,594,0
9728,178,1
8105,6511,1
2394,6799,1
5889,3238,1
3664,6360,0
2616,6255,0
461,638,0
8978,3046,0
6788,6255,0
7155,7316,0
1252,7621,0
198,2721,0
2270,7913,0
4717,6744,0
4570,2280,0
3071,583,0
7302,8189,0
9170,5004,0
4152,7621,1
1819,25,0
3248,6115,0
6450,2721,1
8964,6511,0
7155,7715,0
6823,7126,1
2394,3186,1
2672,531,0
9450,4046,0
3232,5332,0
6875,8257,0
4605,6620,0
392,7638,0
8999,2356,0
4553,5363,0
7776,6640,1
487,6609,0
3173,2356,0
916,5004,0
392,783,0
4115,2165,0
6087,4046,0
6339,6942,0
3969,5004,0
149,6248,0
6823,28,0
8832,4046,0
7010,1020,1
8615,177,0
881,7913,0
7682,7996,1
3083,8092,0
2012,5332,0
7283,7304,0
8579,7621,0
9861,7660,0
8368,3046,0
4733,7331,0
2270,6842,0
3798,7996,0
3083,6793,0
9992,6634,1
6244,6255,0
3000,594,1
2651,7531,0
6407,5363,1
2688,6115,0
2334,7863,0
5773,2958,1
7952,7621,1
3173,531,0
8153,533,1
5006,7638,0
2956,6511,0
8240,8565,0
6807,6255,0
3248,6213,0
3778,7996,1
9498,5004,0
8153,6799,1
2134,5004,0
149,7945,1
415,6255,0
224,783,0
7354,7963,0
536,2356,0
7637,1994,0
4214,585,0
5123,5954,0
6339,783,0
8615,2165,0
3641,300,0
9288,7316,0
3798,6255,0
3355,7122,1
5114,6360,1
4214,7996,1
4605,5004,0
6116,140,1
4092,300,0
8683,2590,0
123,5004,0
2402,1020,0
2504,6793,1
2270,6214,0
2402,7863,0
9728,7621,1
378,594,1
4611,6511,1
3083,8743,0
1403,25,0
9992,583,0
4749,5332,0
2369,7304,0
2316,6511,0
8683,6255,0
6450,2356,0
4934,5178,0
5987,7863,0
3248,4646,0
7863,7863,1
9170,7954,1
4925,171,0
1677,427,0
6690,783,0
5773,165,1
2402,5363,0
7441,7621,0
6416,7316,0
4180,6019,1
6552,330,0
7007,8257,0
392,3046,0
2102,7863,0
487,7211,0
3000,5363,0
7990,819,0
8579,2721,0
6374,5004,0
5838,2165,0
9160,6942,0
7990,794,1
927,2356,0
4190,6799,1
7846,5530,0
3517,531,0
6234,6212,0
4501,7863,0
5235,956,0
7155,5530,0
9531,5530,0
2651,5363,1
9941,7316,0
4961,6793,0
7167,5004,0
7854,2165,0
389,3836,0
4687,7621,1
4880,6793,0
227,7945,0
5114,8527,0
4184,7126,0
4127,959,1
9012,2208,0
487,8306,0
9987,2885,0
8238,7304,0
5164,6563,0
1349,6360,0
4961,4046,0
7155,2165,1
7440,7913,0
7991,7913,0
3509,2590,0
9478,6019,0
3958,1150,1
7430,6255,0
4127,6255,0
4252,7913,0
9374,3676,0
7747,4671,1
8153,8189,1
559,330,1
9861,300,1
1854,1255,0
440,7638,1
4570,603,0
4249,7945,1
3624,8111,0
5004,6793,0
6794,2111,0
7165,2165,0
1109,6362,0
3453,178,1
7045,6213,1
2035,8190,0
9833,2356,0
2677,7963,0
4695,3186,1
1429,7638,0
440,181,0
7045,7945,1
4605,7913,0
3862,7209,0
149,7080,1
9288,3046,0
4180,7954,1
4074,5004,0
6155,5332,0
3417,7945,0
2337,7638,1
4695,533,0
1109,8188,0
9012,8194,0
5067,585,0
5067,7913,0
3665,7304,0
6989,4646,0
2776,6362,0
5935,2356,0
5042,6019,0
6875,531,0
559,4046,0
8987,2111,0
3232,330,0
305,7621,1
6155,2356,0
3517,25,1
3515,6640,1
6087,7316,0
487,6115,0
6587,1034,0
487,8284,0
1088,583,0
5361,6511,1
3599,140,0
6239,8148,1
4605,42,1
9450,7954,0
5423,585,0
5987,533,0
9791,6115,0
4594,6640,1
8681,2897,0
6266,7954,0
3951,7863,0
1677,7638,0
6794,4006,1
2030,7621,0
4501,7913,0
2270,4376,0
7548,268,0
7302,6268,1
4214,5530,1
6986,7715,0
8959,7913,0
6986,3046,1
8368,6,0
4389,7913,0
7570,3186,1
1767,3238,0
1838,8075,0
3510,8190,1
8683,6511,0
3589,7209,0
123,7913,0
6404,6255,0
5979,583,0
5283,7122,0
3469,7996,1
916,7863,0
4961,1622,0
867,2356,0
7570,268,0
7716,3676,0
2374,6063,0
8368,6255,0
5006,7209,0
1595,7316,0
4389,8257,0
7010,47,1
7742,6019,0
8683,6115,0
392,5332,0
6266,8190,0
5123,6255,0
4020,7316,0
198,583,0
9374,7621,0
490,268,0
8240,4646,0
3749,7638,0
2394,7638,0
4965,3186,0
2451,583,0
3071,7863,0
9833,7913,0
1085,7304,0
1106,7863,0
4605,4953,1
1980,5332,0
6587,7016,1
7952,1020,0
7354,6255,1
7570,2356,0
123,7621,1
149,585,1
8128,7209,0
4959,8257,0
4501,7304,0
3517,7225,1
8747,5334,1
6645,583,0
4265,2590,1
5935,181,0
4182,567,0
4880,140,0
3492,8490,0
4249,1020,0
4305,47,0
8833,2696,0
4880,2590,0
8806,7199,0
4717,1462,0
9287,5332,0
9240,6609,0
4182,7954,0
6982,268,0
9987,7621,1
7050,5332,1
3387,6793,0
4501,128,0
3862,8306,0
72,7638,0
3160,7304,0
5757,2165,1
263,5334,0
8368,8188,0
4127,7994,1
2684,6362,0
8683,603,1
8579,5332,0
1471,8189,1
5237,7715,0
2949,7863,0
3313,47,1
4695,7621,0
4619,8284,0
6788,6019,0
4190,7080,1
6571,7945,0
7637,7945,0
8833,8771,1
8747,3941,0
4965,3771,0
8983,6793,0
5957,7316,0
4214,5363,1
2949,2897,0
927,6255,0
4115,7306,0
1471,7016,0
2374,6212,0
3363,6642,0
2451,6640,0
9536,6793,0
6842,300,0
4200,8188,0
3664,6019,0
6440,7963,0
3749,2165,1
7677,2356,0
198,8257,0
2270,1622,0
1085,6212,0
1850,6511,0
6842,7963,0
7742,783,0
7742,531,0
4733,1489,1
4414,6115,0
2525,2897,0
5037,334,0
490,2897,0
3589,181,0
2270,5363,0
4961,300,0
1678,5332,0
7727,583,0
5109,956,0
5370,8236,0
8681,533,0
3595,6640,1
4594,47,0
6823,1034,0
5766,7621,0
9175,3107,0
2672,8190,0
6098,6609,0
1109,6511,0
8227,956,0
1854,7621,1
8504,7715,1
5815,5332,0
2956,5363,0
8320,7209,0
9552,6609,0
2091,609,1
4414,2356,0
1838,7316,0
1595,6213,0
3328,7756,0
1404,6609,0
5123,7316,1
4074,594,1
2402,300,0
1850,567,0
4190,789,0
6755,6642,0
8227,5332,0
1471,2356,0
4611,533,0
4961,7199,0
2776,6511,0
8987,7863,0
8683,953,1
3255,5363,0
4180,6255,0
2571,7828,0
3071,6799,1
9852,7945,1
7784,2111,1
3524,7638,0
7165,7638,0
7010,7304,0
9246,2445,0
5498,6942,0
4117,7209,0
2401,8111,0
8240,7304,0
6735,6640,1
9378,2165,0
5037,6360,0
7742,6609,0
3071,2111,0
9672,8306,0
8833,8622,1
4553,2356,0
2337,6306,0
3744,6793,0
3023,6213,0
4200,4956,0
456,7996,1
1646,6793,0
5979,7994,0
5766,2280,0
1429,6609,0
5370,42,1
9667,6609,0
9478,3063,0
4182,4046,0
3248,7996,0
9536,6360,0
440,2356,0
2466,7638,1
3684,5004,0
4880,6019,0
5004,8111,1
6823,6255,0
2402,603,1
4695,567,0
3768,7715,1
3313,7199,0
2334,5334,1
7570,794,1
8806,7316,0
3125,6640,1
4553,300,0
8465,6362,0
4880,6115,1
9401,6723,0
8153,5004,1
9536,6799,1
6239,1020,0
4961,8306,0
392,533,0
4020,7104,0
6875,7913,0
569,6360,0
2571,7209,0
3003,5332,1
6116,533,0
4570,7913,0
8504,3186,1
7007,6362,0
5330,5334,1
7637,4952,0
8878,7913,0
9672,783,0
3899,3186,1
4594,819,0
1156,5332,0
9498,6793,0
5889,25,1
3951,7956,1
2172,5004,0
1854,3300,1
5957,6793,0
4389,6511,0
847,8111,0
1482,6360,1
5372,583,0
8511,8111,0
7302,268,0
6266,7080,1
4925,2208,0
7302,7304,0
1917,6,1
4880,7963,0
1819,585,0
6702,8152,1
1646,7621,1
3744,268,1
2357,3941,0
5957,2111,1
7952,7954,0
5987,8111,0
2374,1622,0
6982,7913,0
8987,330,0
2401,583,0
6234,7199,0
8412,7531,0
7863,6255,0
7856,8075,0
8978,6563,1
2056,1306,0
6116,6799,1
8577,6284,1
3517,2897,0
6116,7444,0
6755,6640,1
198,6115,0
5370,5004,0
8920,6609,0
7382,6360,0
3509,819,1
3832,5334,0
2270,1161,0
3469,7126,1
1205,7996,1
6690,6793,0
1819,6360,0
4880,7715,0
4305,330,0
6989,5530,0
4265,2165,0
9401,47,0
6494,7954,0
9245,5004,0
9740,7638,0
536,181,0
2102,783,0
3515,6793,0
461,7621,0
5037,7199,0
1595,7954,0
440,5332,1
9018,6563,0
7727,7621,0
1134,7638,0
227,5961,1
156,6255,1
9175,3771,1
8920,783,0
3749,6511,0
8511,7199,0
3586,47,0
927,427,0
487,6723,0
1482,956,0
4934,2165,0
72,819,0
305,1052,0
942,8188,0
5734,2721,1
8227,7954,0
4570,594,0
3759,300,0
6986,6640,0
7010,7954,0
3749,6793,0
3469,42,1
7952,6255,0
2357,6212,0
3328,7126,0
2056,6360,0
4249,2356,0
7165,2721,1
7440,5363,1
2270,533,0
4687,8189,1
6386,6268,0
5957,7412,0
9726,3836,0
1085,1622,0
7548,181,0
4252,5954,0
7053,7945,1
8878,7199,0
487,8111,0
5370,7945,0
5889,616,0
1398,616,0
8959,6942,0
4749,533,0
4733,8092,0
6116,2280,1
927,6640,1
6450,8065,0
9861,2165,1
1672,3771,0
5254,7531,0
5766,7316,0
6407,330,0
4092,6563,0
3517,181,0
6494,2805,1
1646,5332,0
2844,8065,0
3517,6744,1
6098,47,0
6266,8257,0
4389,6609,1
9520,6360,0
9520,6511,0
5370,6115,0
7990,2721,1
378,6360,0
9124,6255,0
2394,6284,1
8204,3186,0
5734,2165,1
2374,5530,0
8683,7199,0
3969,2721,0
2270,6248,0
389,3918,0
8683,5004,0
1517,171,0
4107,8450,0
897,1020,0
487,6360,0
3768,6255,0
8309,4956,1
1205,5332,0
6404,7996,1
4467,7304,0
9378,6,0
7010,2805,0
5423,1306,0
4829,7954,1
2378,7913,0
2956,47,1
2776,5334,0
1854,6640,1
1109,789,0
4934,6360,0
4117,5332,0
7165,300,0
9852,7199,0
5372,7945,0
1917,5004,0
5194,6563,0
1213,8152,1
916,7913,0
8504,7304,0
3744,6255,0
2149,2897,0
6982,4766,1
5427,5332,0
9531,4046,0
9378,330,0
378,7863,1
6416,3300,1
3313,6255,0
2677,181,0
4961,3186,1
2949,4046,0
3255,3046,0
7742,6511,0
1213,2165,0
7441,6115,1
9290,7199,0
2334,5363,0
1850,7638,0
5109,6255,0
9246,25,0
1471,783,1
2332,3771,1
3425,783,1
3969,6640,1
9791,7621,0
4695,47,0
2316,7621,0
4749,6511,0
2225,8189,0
2844,8594,0
2951,7954,0
8683,8284,0
2688,6793,0
8240,8111,0
5987,7954,0
1980,956,1
6244,47,0
3663,5363,0
4856,7531,0
456,594,1
8920,7945,0
7181,6793,0
8747,3771,1
9287,6793,0
8204,181,0
6796,7199,0
1156,8527,0
7053,4046,0
227,7863,0
3951,3046,0
4959,5363,0
7742,6640,1
9012,2793,0
4829,300,1
6244,783,0
4107,6942,0
6888,7638,0
8681,567,0
9861,1255,0
6339,956,0
2213,7802,1
4127,7316,1
2525,2356,1
7828,4046,0
5990,300,0
1252,7304,0
3663,6255,0
4880,6063,0
2142,3046,0
1205,6255,0
461,2165,0
4610,6511,0
6244,4277,1
4184,5332,0
7970,533,0
227,25,0
6645,6511,0
2172,7954,0
1850,7199,0
2525,7621,0
4605,6255,0
4570,6438,1
8309,6362,0
3255,427,1
4605,330,1
7770,1643,0
3958,531,0
5042,6640,0
6986,6115,1
8833,3941,0
4430,330,1
8964,2590,0
9401,5530,0
9552,7945,1
5220,5363,0
2091,6942,0
9018,6255,0
6823,2555,0
5004,6799,0
1057,7304,0
2378,6255,0
1677,7996,0
9012,8236,0
7776,7621,0
9450,8190,0
487,3300,1
7682,5332,0
6098,300,0
8204,7945,0
2272,7963,0
4507,47,0
5114,3941,0
4880,1020,1
1482,6019,1
3749,594,0
7742,6793,0
4695,8257,0
6116,2334,0
4695,585,1
3599,6212,0
9973,147,1
5164,7963,0
3768,6511,0
9401,6255,0
916,8236,0
3768,1020,1
4605,3530,1
3539,7954,0
7990,8306,0
2704,7963,1
4414,3046,0
5889,7756,0
8999,300,0
2844,5363,0
9160,783,0
392,2721,0
3958,6255,0
7990,7863,1
4214,4766,0
1681,5363,0
867,7638,0
4265,6449,1
3664,7304,0
9175,3186,1
3083,6563,0
3589,7199,0
4605,7316,1
6232,8306,0
1088,7954,0
5006,3107,0
927,7199,0
4214,7209,0
3023,567,0
6494,8450,0
9861,7913,1
2504,7316,1
224,2280,0
6702,7621,0
1109,583,0
1850,6255,0
7637,2356,0
3355,583,0
6571,7199,0
8833,181,1
1646,171,0
7165,8188,0
3248,300,1
3517,7621,1
3599,583,0
4880,8305,0
3255,7913,0
8368,2165,0
7991,3046,0
8770,7954,0
1404,3046,1
6794,8532,1
9443,836,0
2401,6793,0
8983,165,0
7776,2356,0
8240,2721,1
8964,300,0
7919,783,0
4880,300,0
5427,7316,0
3951,6640,1
9450,7660,0
5103,6019,1
1678,6449,0
9288,6640,0
8238,8236,1
9536,7913,0
3492,6213,0
72,7963,1
974,6511,1
5109,7913,1
7440,165,0
5337,5954,0
927,171,0
8153,7828,0
6807,5530,0
4214,8527,0
8105,7621,1
8978,6268,0
9498,5332,0
2525,7316,1
5957,531,0
6244,6640,1
6239,268,1
927,7126,0
8579,6609,0
2357,2897,0
5979,956,1
6755,25,0
7683,5530,0
1767,4582,0
1595,5954,0
1057,7199,0
9138,47,0
5283,2732,0
816,956,0
974,7963,0
5427,7945,0
4200,6248,0
9287,7913,0
7045,6396,0
160,2590,0
8435,6640,0
3328,5332,0
4733,8131,0
7742,3186,1
9138,594,0
5734,583,0
6788,5332,0
4965,609,0
6416,5004,1
5773,3771,0
5194,594,1
160,7863,0
1403,7863,0
4190,3941,1
6098,6310,0
6374,783,0
1404,7316,1
1109,1643,0
4182,3300,1
4115,2280,0
4507,7621,0
2401,5004,0
3003,6511,0
8920,7863,0
8964,783,0
6266,2280,1
9160,8111,0
1205,42,1
5957,6212,0
8878,2356,0
5006,5961,0
6823,4205,0
3664,300,0
3328,8257,0
5283,5332,0
9498,7621,0
4643,6213,0
456,7531,0
9138,7209,0
6234,5332,0
5990,1141,0
5235,594,1
4635,6563,1
8615,8152,0
7747,6438,1
6440,2897,0
4140,6213,1
9018,2897,1
4180,2165,1
5889,7621,1
881,300,0
9498,7638,0
8978,7304,1
2225,8250,1
5330,2356,0
2975,2546,0
156,1020,0
8577,7715,0
9012,8250,0
1205,594,0
5773,1815,1
4934,3046,0
1838,147,1
559,7963,0
5957,8038,0
4605,3238,0
8878,7531,0
2402,5334,0
5237,7945,0
8227,3186,1
1819,956,1
4507,956,0
4880,3751,1
867,8189,0
5370,1020,1
2332,533,0
3363,533,0
4200,7531,0
4190,6620,1
227,5334,1
4925,345,0
4467,7531,0
5103,8190,1
4180,6213,1
1184,7621,1
7854,2721,0
5194,7825,0
8240,6793,0
7863,2165,1
7441,7638,1
7776,6255,0
156,47,0
5979,6609,0
3232,6793,0
4140,7954,0
9536,7621,0
8978,7945,1
525,6640,1
2374,7304,0
6702,2165,0
1517,7913,0
2082,783,0
1404,4553,0
227,147,1
867,2721,0
8987,7621,0
2374,2276,1
2374,6153,1
3641,6563,1
8204,7638,0
4265,7621,1
5237,7638,0
490,42,1
7010,6642,0
3248,6511,1
3665,5004,0
4610,330,0
3684,6793,0
9791,6212,0
9288,6563,1
4249,6563,0
8227,7199,0
8153,7304,1
1767,8189,0
487,6511,0
4553,6360,0
3653,140,0
6571,180,1
481,7621,0
3624,6212,0
3469,8306,1
4305,6255,0
3778,533,0
5114,2356,0
6234,7638,0
3417,8152,0
8683,2280,0
2951,6511,1
2102,6438,0
8579,8284,0
6735,7954,0
198,5530,0
3509,7913,1
9401,6360,0
6796,8236,0
4695,7828,0
2056,165,0
5006,6568,0
1595,3947,1
7952,5332,0
9448,7863,0
3469,25,0
2956,7638,0
2004,7531,0
897,7863,0
3387,7199,0
8117,2356,0
2844,3186,0
7570,7199,0
8832,6511,0
1085,2356,0
4414,2721,0
1595,6793,0
3492,4766,0
2270,7638,0
7770,3046,0
1782,8004,0
3000,7638,0
8999,594,1
2402,783,0
9728,567,0
3083,798,0
6989,7913,0
3641,6,0
2149,6255,0
7716,4952,0
7727,5332,0
4934,1306,0
2704,6511,1
8368,7945,0
7007,7304,1
5957,6942,0
5114,6942,0
4717,8305,0
4925,5004,0
4749,6,1
2213,3530,1
9861,6284,1
7155,8450,1
7181,7638,0
4635,1020,1
4717,5334,0
4074,1815,0
5254,6620,0
6796,5530,0
3510,5004,0
897,4046,0
4214,6362,0
2225,171,1
4610,7199,0
1595,7621,1
5766,6268,0
5498,2165,1
881,7199,0
481,7963,0
3125,6255,1
3768,6284,1
8747,7913,0
440,330,0
8978,7199,0
4127,7638,0
4190,7994,0
8558,7638,0
4961,7913,0
6989,2721,1
847,594,0
5283,25,1
1085,7954,0
4092,7316,0
9861,6115,0
1156,3941,0
9170,7945,1
4305,7638,0
5330,7994,0
816,819,0
6888,2590,0
9498,140,0
3328,6609,0
5987,6511,1
3125,6511,0
8920,2356,0
6116,5717,0
6823,7080,1
8833,6019,0
5906,2356,1
5889,2805,0
3663,2280,1
3349,47,0
2225,531,0
7570,533,0
9861,956,1
6416,7715,0
7167,6019,0
9246,6744,1
5109,7756,1
1672,47,1
2369,3186,1
7970,819,0
3793,2356,0
7354,268,0
8878,5332,0
9992,531,0
5773,2697,1
9245,3046,0
3744,7945,0
8240,567,0
4200,1945,0
974,7199,0
3832,268,0
4414,8236,0
4190,7996,1
5123,567,0
9175,531,1
7045,7913,0
7742,42,1
1980,6793,1
1767,6310,1
2056,7621,0
2402,147,1
5237,6284,1
7007,7199,0
2401,6511,0
6552,8527,0
8412,268,0
5337,7945,0
7570,2697,0
1980,6310,1
5164,6115,1
536,583,0
4180,1815,1
8770,6793,0
7784,2356,1
3663,2356,0
8227,6609,0
9852,7863,0
1681,171,0
8959,6793,0
4414,583,0
4467,330,0
6386,5004,0
3951,4046,0
2225,47,0
2975,427,0
6645,5332,1
8238,7316,1
8983,956,0
8040,6310,0
8558,7954,0
5237,178,1
4305,7945,0
4925,1306,0
4717,6563,1
1782,1150,0
7856,8188,0
6116,6212,0
2134,7199,0
2844,2721,0
4749,7954,0
2082,7863,0
5037,531,0
4880,585,1
7050,6609,0
4619,6019,0
8583,2356,0
9728,8257,0
4214,7954,1
4324,5089,1
4092,8257,0
9536,4646,0
4611,8527,0
6989,7638,1
7770,6511,0
5330,7945,0
2316,8257,0
7570,5004,0
8040,7316,0
3539,6793,0
6755,2356,0
1398,961,0
5265,533,0
1767,2111,0
5103,6255,1
2374,7945,0
5734,6609,0
7856,585,0
1213,7954,0
1677,8189,1
8833,427,1
6234,7954,0
5990,7863,0
2012,7638,0
4959,567,0
2844,6563,1
5361,8111,1
3469,6942,1
3453,4006,1
916,8056,0
1109,783,1
8833,7896,0
3759,7621,0
7637,1034,0
7990,7304,0
1980,5363,1
7283,5332,0
9714,6359,0
4467,8450,0
9246,7828,0
9448,7715,1
1085,7945,1
4214,2356,1
5498,7913,0
4733,1815,0
2374,819,0
6450,7316,1
847,609,0
8681,7304,0
1980,7954,1
389,7994,0
263,5363,0
5042,956,0
2369,268,0
3768,7531,0
5283,956,0
1088,5530,0
6823,5004,0
3083,1643,0
3665,7638,0
4127,330,1
9012,4578,0
1205,7638,0
7637,7828,0
6702,326,0
1783,6248,0
5889,7638,0
5427,2165,0
6982,47,1
2369,6609,0
6986,6642,0
9478,8189,0
3515,7304,0
5114,6793,0
156,956,0
7167,1034,0
8615,794,0
8747,7316,1
9478,6255,0
6587,783,1
8435,6284,0
149,3186,1
9861,3046,0
9498,7199,0
9012,583,0
7863,6640,0
2844,956,0
7548,7306,0
1850,533,1
867,3186,0
1109,4766,0
3071,7304,0
9124,5363,1
1429,6563,0
5372,6255,0
6735,953,0
6702,5332,0
4959,1255,0
2172,5332,0
1677,7316,0
7414,594,0
6986,7316,0
2102,8188,0
3492,3941,0
7919,956,0
6239,7638,0
7302,956,0
2012,7531,1
4695,6019,0
6735,5332,0
3469,2070,1
3083,330,0
7682,7199,0
6087,330,0
2374,330,0
5361,594,0
3759,4006,0
8579,2590,0
6440,819,0
1349,7209,0
7354,7621,0
9450,6063,0
7637,7531,0
9478,2897,0
6645,7954,0
6875,6115,1
7784,7122,1
487,1161,0
2134,7913,1
7354,7954,0
1767,8236,0
2651,2696,0
5337,7304,0
6386,594,1
4107,6019,0
4619,7304,0
7919,47,0
7181,7199,0
1429,3186,0
4182,8038,0
3387,533,0
6116,8197,0
8105,7954,0
487,2721,0
9246,5332,0
3425,25,0
6982,6511,0
2102,6212,0
1252,8152,1
1156,330,0
6587,7638,0
8583,7954,0
7165,7621,1
8683,819,0
8227,7638,0
5220,3046,0
6087,7638,0
1783,7199,0
3589,7621,0
9012,6736,0
4695,4206,0
5123,140,0
3539,42,1
3000,7954,1
536,7638,0
8747,7954,0
3053,300,0
4856,6255,0
5773,8284,0
6440,7304,0
8040,25,0
5979,7756,0
4127,7996,1
2378,427,0
6116,7211,0
1677,6255,0
1404,300,1
1819,7638,0
2672,3186,1
7548,7913,0
3969,1306,0
7747,6,0
1349,6799,1
534,6511,0
9288,8148,0
487,7945,0
6266,3186,1
4733,1354,1
6407,7863,0
4182,3186,1
7414,4046,0
4687,6563,1
5265,7863,0
5773,6148,0
7742,7945,0
7770,7209,0
72,6799,1
3744,330,0
6404,609,0
7747,6362,0
1819,7913,0
3387,1815,0
6116,147,1
3510,7954,1
9520,5332,0
4182,28,0
3255,5332,0
6788,330,0
3160,7913,0
2704,6640,0
9261,7199,0
9138,7945,0
7273,7621,0
8983,7331,1
4570,147,1
2616,3186,1
4610,6793,0
3328,6511,0
8153,6255,0
5361,47,1
227,7621,0
4733,6640,1
4934,2721,0
3023,8257,0
7052,300,0
7854,7945,0
2975,6640,0
4507,6255,0
8227,3941,0
7970,3771,1
6098,2721,0
9536,533,1
3363,6255,0
8240,533,0
5498,533,0
7747,3530,0
4695,2280,0
5370,6360,0
9448,7316,1
2035,6799,0
6339,6793,0
7283,3046,0
6407,7531,0
7637,5332,0
7637,1150,0
7683,5332,0
440,268,0
9758,583,0
6386,7756,0
2525,6640,1
2651,7358,0
9758,961,1
4605,531,0
490,2721,0
5235,7945,0
8833,8527,0
927,6640,0
5114,2897,0
1681,7863,0
3023,5530,0
6098,7913,0
3515,7316,1
5889,1020,1
2213,6642,0
4324,4766,0
227,7199,0
8117,7715,0
3053,7304,0
6087,6793,0
5330,6063,0
9852,956,0
8128,1232,0
3798,7531,0
3255,7199,0
6875,2165,0
8040,7621,0
6552,6255,0
974,6360,0
5935,609,1
6374,8257,0
5987,6063,0
847,181,0
4092,1020,0
3515,956,0
7414,6793,0
1980,5004,0
2270,3548,0
7155,7945,0
6404,47,0
4190,7756,0
9443,6642,0
8435,3046,0
7637,6115,0
7970,7304,0
2270,6360,0
4749,7199,0
7678,8190,0
2684,6360,0
4829,6942,0
9667,7945,0
4880,4006,1
6571,2165,0
6986,956,0
2672,6511,0
9714,268,0
1205,6360,0
7742,7199,0
3387,7913,0
8105,268,1
149,2897,0
9728,7638,0
7919,42,0
3071,3238,0
3599,783,0
3778,7531,0
9170,6019,0
4605,2111,1
4305,2590,0
2525,7638,0
72,956,0
3387,7954,0
2035,6255,0
3255,8062,0
6404,7621,0
4182,6,0
534,2356,0
4880,7199,0
9714,7199,0
9245,7316,0
8040,7199,0
534,7199,0
7302,2897,0
9987,300,1
4829,2165,1
562,7638,0
1398,6362,0
4467,1020,0
2035,7996,0
1403,5530,0
1677,1020,1
2704,783,1
2949,5004,0
9672,8236,1
4959,533,0
1767,171,0
5194,2721,0
8040,7913,0
9124,7863,0
2272,7954,0
8128,5363,1
6735,47,0
3641,7621,0
3289,7945,0
8583,2165,0
559,7954,0
9288,609,0
5990,6,0
5734,3107,0
9246,6360,0
1482,6,1
6494,6213,1
6450,3046,0
8238,5363,0
3492,171,0
5766,7954,0
942,7715,0
927,7954,0
4092,8236,1
3624,5004,0
1677,6640,0
6234,8111,0
8832,6360,0
7382,7621,0
1252,4006,0
9667,47,0
3595,8004,0
6450,836,0
3749,7199,1
9175,6255,1
4305,7531,0
9973,7304,0
1838,7199,0
8770,47,0
6440,1588,1
4190,5530,0
4934,8527,0
3071,783,0
7570,5363,0
5237,594,0
8238,8527,0
3517,7863,0
5067,7316,1
3517,783,1
8227,583,0
7678,7621,1
4733,8594,1
4749,7638,0
2091,7996,0
8040,6620,0
4553,7199,0
6587,7412,0
1917,2721,1
4733,594,1
2012,7104,0
2102,6942,0
3509,1306,1
8651,3046,0
562,7304,1
8832,4206,0
2571,8188,0
4140,7306,0
1403,300,0
7637,583,0
198,5004,0
8153,6212,0
5006,330,0
8412,300,0
7414,6255,0
4934,300,0
6234,171,0
1677,6362,0
5067,783,0
1088,7304,0
1917,5363,1
3589,6404,1
3232,2590,0
5889,7484,0
2149,6019,0
1404,6360,0
4074,956,0
3363,7913,0
6116,2697,1
3832,7531,0
6416,7531,0
5123,8257,0
4305,1643,0
3125,6942,1
7382,3186,1
4252,6793,0
8747,7756,0
4507,7996,0
3469,7225,1
3744,6213,0
7053,268,1
9246,541,0
1854,1588,0
7382,5954,0
5423,1255,0
2369,7316,0
7683,7913,0
9498,7304,0
7414,3046,0
3363,6449,1
4643,956,0
867,8257,0
7742,594,0
6440,1994,0
6788,6511,0
1205,4046,0
8504,2805,0
1517,8250,0
3313,7715,0
9791,6642,0
6794,350,0
897,567,0
7440,959,0
1471,7316,0
7991,531,0
534,8111,0
6875,3186,0
5957,7531,0
7784,330,1
3524,4046,0
4605,3046,0
1156,8188,0
5889,8198,1
7570,7945,1
7155,8188,0
4182,533,0
3509,5004,0
881,7638,0
6888,4046,0
7678,6284,1
6266,6213,1
5370,609,1
8128,7304,0
6571,6793,1
8558,7316,0
2035,7199,0
8368,2590,0
6386,2897,0
3387,5004,0
7050,6511,0
5220,3941,0
4180,8450,1
1057,5363,0
7010,4046,0
7682,268,1
7784,1150,0
1677,6620,0
4733,5530,0
3768,7638,0
9861,531,0
8832,533,0
3071,6,0
6416,2697,0
9012,6019,0
2949,953,0
6807,128,0
6098,583,1
4619,533,0
7770,47,0
7919,8111,0
6986,330,0
5114,47,0
5194,6255,0
562,6255,0
6407,609,1
4467,6213,0
7784,7316,0
7283,300,0
4829,8257,0
2030,7316,0
9758,7531,0
5815,819,1
5220,6793,0
3664,7863,0
9714,5334,0
7050,3186,1
5427,330,0
149,2165,0
3624,5334,1
224,3530,0
3624,6255,0
1677,6942,0
1404,3269,1
897,7945,0
4252,609,1
9018,6115,0
8579,5363,0
2035,6213,0
4733,8743,0
9245,8527,0
5815,6213,0
8681,7638,0
7637,6212,0
8959,783,0
2035,5363,0
8964,6248,1
9992,4046,0
2466,5363,0
3289,7621,0
6587,6153,1
4117,7863,0
2949,3941,0
5004,6942,0
9520,47,0
7919,7863,0
2672,4206,1
3453,2165,0
9240,5363,0
9740,7531,0
2451,7126,0
6450,956,0
4934,6255,0
149,1571,0
6386,300,0
2056,8250,0
9448,7638,0
1106,819,0
5838,6511,0
2332,567,0
7441,6255,0
3083,5334,0
4190,8305,1
6116,180,0
5957,7462,0
1672,6284,0
2225,819,1
4117,7621,0
4020,819,1
8832,7945,1
9498,6115,0
4934,8490,0
1595,2255,0
2951,6793,0
1767,6255,0
9012,427,0
1482,300,1
4305,2721,0
5265,7245,0
4733,531,0
4605,7080,1
5889,5363,1
3515,1571,0
9374,7913,0
5987,7199,0
9246,6799,1
7414,7304,0
461,6563,0
6494,6609,0
4127,7199,0
6735,7331,1
3125,7199,0
2844,171,0
1471,6511,0
9861,7621,0
3798,7316,1
3023,6942,0
4214,6255,0
2142,7638,0
4717,2356,0
2504,7209,0
867,7945,0
8833,533,1
9401,7954,0
3664,7638,0
3469,6284,1
3248,330,0
5194,7209,0
7776,2165,0
8999,6063,0
5766,47,0
5220,300,0
2332,2356,0
2975,6793,0
3453,956,1
1429,7621,0
8651,6793,0
8964,1306,0
305,1161,0
4695,7638,1
3832,6799,0
6823,358,1
1819,4046,1
8833,7638,0
1677,128,0
6098,3771,0
9288,165,1
9287,300,0
5778,6115,0
3026,6255,0
4074,5332,0
6374,4046,0
9726,6115,0
8964,427,0
7678,330,0
2270,6723,0
1681,1622,0
4611,594,0
1403,7199,1
974,6642,0
7167,7638,0
2951,6255,0
3517,609,1
9018,783,0
3517,6438,1
6116,7412,0
6239,6213,0
1646,7199,0
3160,2590,0
4635,7715,1
2401,2590,0
3969,42,0
9520,6115,0
198,7316,0
4610,6019,0
5235,2165,0
881,42,0
4074,6736,0
927,6212,0
7990,1571,0
4605,6723,0
3624,1141,0
9012,8311,0
7727,783,0
4695,3530,0
6416,531,0
5265,7304,0
3589,2897,0
3289,6563,0
3026,783,1
7784,7531,1
9450,567,0
2369,330,0
5498,7547,0
5979,7621,1
3000,7621,0
8435,4046,0
1595,7306,0
1471,6640,1
8128,2721,0
4430,5530,0
8681,6082,0
3248,783,0
7155,956,0
3026,7863,0
4570,28,1
3589,3046,0
7053,6255,0
456,7199,0
816,533,0
9498,6255,0
224,6640,1
6386,5332,0
3951,6799,1
8240,8236,0
3515,5334,1
3023,7863,0
3510,4046,0
5337,47,0
1205,7945,0
6029,6153,0
3958,961,0
6794,5004,0
9973,6213,0
7970,6793,0
3624,594,0
6788,7199,0
3469,6793,0
6339,7209,0
461,6323,0
4190,6360,0
974,1815,0
4965,25,0
5734,25,0
2616,7199,0
2374,7954,0
2616,533,0
4501,6489,0
4115,7863,0
8117,6255,0
5889,7199,1
6244,6438,1
6690,1150,1
6116,594,1
4501,2165,0
3453,6360,0
3768,330,0
7846,7963,0
160,5363,0
3793,6362,0
3289,8188,0
4190,7621,1
6494,7199,0
5773,3186,0
7125,7913,0
2949,6942,0
4190,7412,0
5834,7945,0
7440,2165,0
1398,6736,1
3599,956,0
974,819,0
2504,8236,0
4265,6799,1
198,6255,0
3663,300,0
8681,5332,0
3832,609,0
160,6563,1
3026,6360,0
1088,5332,0
5935,2165,0
149,7994,1
4880,7863,0
2270,7863,0
5337,533,0
8320,2165,0
3793,7913,0
6416,583,0
6116,7802,1
3515,7954,0
5254,6362,0
7991,7304,0
3003,7209,1
4200,8306,0
2082,42,0
5067,5004,0
3641,783,0
2272,8257,0
7784,7913,1
5990,5363,1
7856,5332,0
2309,583,0
8240,3941,0
6404,330,0
5498,7756,0
2949,3676,0
3160,7945,0
5734,7316,1
156,594,0
1980,5530,1
7273,165,0
4635,533,1
4140,2165,0
2082,5332,0
5990,6255,0
2949,8250,0
156,7316,0
3684,7954,0
4605,8092,0
6587,7316,1
4605,145,1
4214,6213,1
3328,6255,0
8583,4046,0
2134,2721,1
3653,6284,1
6239,330,0
8833,7199,0
2704,956,0
8832,7621,0
8964,171,0
5889,6306,0
9667,959,0
3453,783,0
3899,6511,0
2844,7945,0
3969,531,0
4249,7531,0
5237,959,0
1109,4582,0
82,7316,0
1767,8250,0
2776,3046,1
7637,8065,0
4020,7412,0
4925,4046,0
6440,7913,0
6794,7863,0
1980,6255,0
1854,7304,0
8683,8189,0
5427,5004,0
9672,300,0
378,7638,0
6989,6598,0
8465,4206,1
2213,3771,0
7727,5004,1
5067,7304,0
5778,6255,0
5235,1020,0
5194,7945,0
8240,7104,0
3862,140,0
1398,3771,1
9531,7954,0
3173,7863,0
6760,6019,0
2332,7828,0
897,7913,0
2504,171,0
9833,6511,0
8368,181,0
9012,7913,0
4829,7621,0
5889,3836,0
3539,330,0
4200,783,0
9448,783,1
6587,8527,0
6823,2445,0
2949,3238,0
1672,2165,0
5283,140,0
9791,5530,0
927,6115,0
5734,794,1
4074,4646,1
4643,947,1
6760,783,0
227,181,0
2149,783,0
4934,783,0
5337,6,0
4594,6609,0
9861,3238,0
1838,533,1
3586,7621,0
7990,533,0
8128,783,0
4074,8284,0
4965,5363,0
2844,4646,0
8128,6268,0
6416,7913,0
2213,3186,0
5220,6360,0
2616,330,0
5889,8743,0
569,2165,0
4959,6284,0
9758,3046,0
2082,7945,0
2035,4921,0
9992,6255,0
8240,783,0
5757,8190,1
6116,7245,0
2402,8190,0
3744,5004,0
8240,6212,0
1838,819,0
4829,6213,0
847,7304,0
5330,6362,0
9448,5332,0
1677,7660,0
4249,7954,0
7010,2590,0
8240,5530,0
3255,8065,0
6807,7963,0
5815,1034,0
1085,7199,0
8153,7638,0
7952,6793,0
4180,4046,1
3862,6,1
7784,8190,0
2172,1034,0
1109,7954,0
3023,5332,0
7155,3941,0
881,7945,0
8983,25,1
562,8189,1
1838,7531,0
4389,583,0
4249,5332,0
2844,7245,0
490,2111,0
9941,7621,0
4594,147,1
2270,6019,0
1429,956,0
9288,5004,0
4959,6793,0
1403,2590,1
942,2280,0
5979,6360,0
9240,3186,0
7167,7913,0
1184,587,1
389,5332,0
9240,8111,1
5337,7316,0
5757,6942,0
9240,8527,1
7990,268,0
5906,7945,0
7856,6115,0
9450,7531,0
9861,4578,0
5103,140,1
8238,2897,1
8511,3186,0
2309,5332,0
5235,300,1
1471,609,0
6842,6793,0
897,300,0
9138,7954,0
4733,8111,0
6794,783,0
897,6511,0
6494,6362,1
8833,7104,0
7970,8111,1
8806,8257,0
5889,7245,1
2225,8065,0
8683,961,0
487,819,0
9245,4046,0
2844,6115,0
7007,47,0
4117,7945,0
5838,7316,1
9726,3751,1
1085,6793,0
3349,5004,0
9941,47,0
3023,6793,0
8435,6255,0
3160,1020,0
7747,3771,1
6986,7945,1
5979,6563,1
6116,8188,0
7045,6598,0
6796,300,0
5838,7621,1
8227,8527,0
2616,300,0
4074,47,0
3663,7638,0
4635,7756,1
6494,5363,1
5427,268,0
8240,609,1
6386,5530,0
5889,7913,0
1429,7996,0
9758,7016,0
5237,330,1
1349,1815,0
6807,8594,0
7007,531,0
8511,7304,0
1213,1020,1
6116,5954,0
534,6255,0
5372,7863,0
4687,5004,0
3793,300,0
305,533,0
847,5004,0
6232,5004,0
927,7863,0
1783,6511,1
6239,7963,0
7053,7209,0
7354,7199,0
9450,5332,0
1783,165,1
4414,1815,0
3515,300,0
8920,6511,0
2956,531,0
4965,1815,0
5889,6360,1
2213,531,0
3589,7531,0
9726,7954,0
5987,5334,0
7155,2356,1
7570,6511,0
8747,4956,1
378,6255,0
2030,2721,0
4127,3186,0
9758,6213,1
8577,4646,0
8465,5004,0
9498,2590,0
9378,7316,0
8681,1020,1
9288,956,0
7045,7126,1
2571,6793,0
2172,2897,1
6986,1306,0
6386,961,0
8833,7963,1
6794,6511,0
7990,7199,0
1672,6019,0
2374,959,0
1917,6360,0
3749,47,0
9672,7304,1
6842,6255,0
3798,7331,1
3951,8603,1
4501,956,0
5067,956,0
440,6284,1
9160,7913,0
7165,6609,1
6087,5363,0
6760,2897,0
2374,1161,0
6244,7199,0
4430,8236,1
9536,7531,0
7716,6511,1
974,2721,0
6266,2697,1
3349,6511,1
4605,1232,0
7854,4205,0
6416,7211,0
9672,6019,0
4829,7638,0
4092,5363,0
3509,609,0
2688,7945,0
2374,5363,0
7856,783,1
4925,2897,0
3510,7638,1
3083,961,0
2402,6019,1
9175,47,1
3000,6793,0
1205,5004,0
3355,2805,0
5235,7863,0
8320,5332,0
9288,8236,0
160,7199,0
2402,8257,0
7570,5334,1
6823,533,0
3684,6212,0
7677,6799,0
3798,7621,0
9791,6609,0
2142,330,0
8204,6360,0
5123,2590,0
5834,2165,0
8511,6563,0
8558,5332,0
3053,6793,0
7970,3186,1
9175,6360,0
2102,8075,0
5265,7638,0
7548,2165,1
4190,959,1
9520,7954,0
8492,7304,0
5361,5363,1
6244,5363,0
2374,47,0
9531,7638,1
9401,7896,0
4553,609,0
3071,7954,0
6116,7896,0
2102,8306,0
5123,7209,0
974,3530,0
2504,5530,0
1252,6284,1
4695,7954,0
6571,7638,0
5123,7638,1
8833,2165,0
7052,956,0
5990,6642,0
4430,3046,0
4605,7412,0
8833,2111,1
6823,819,0
2672,8111,1
2571,7638,0
224,6,0
2213,583,0
8770,6213,1
5498,583,0
6404,7863,0
7570,7996,0
5778,956,1
5498,7104,0
5194,7621,0
8878,3530,0
7990,603,0
4190,5004,0
5838,181,0
5372,3941,0
9287,3046,0
4092,956,0
6116,5530,0
8320,6609,0
4467,7945,1
1398,6255,0
5220,6284,1
6386,6362,0
7919,6310,0
9246,4376,0
2270,7209,0
4507,2356,1
7125,531,0
3862,7304,1
7302,6489,0
3469,609,0
8465,7715,0
7414,7954,0
461,6793,0
7919,6793,0
1109,7963,0
3510,7209,0
1429,330,0
6587,7531,1
8999,6511,0
4695,300,0
8833,7304,0
4570,4631,1
2102,6362,1
4182,7304,0
2949,7211,0
2186,6793,0
4961,5363,1
6690,7913,0
9672,7316,0
8240,4553,1
3355,8152,0
4695,140,0
6155,533,0
4074,7954,0
2142,300,0
9740,4046,0
9012,3132,0
6587,6213,1
440,7715,1
3515,8284,1
4934,47,0
8128,1020,1
5757,6255,0
7970,783,1
3663,7996,1
4182,531,0
461,8188,0
4152,6511,0
4249,531,0
8435,7621,0
6404,181,0
6116,28,0
9833,6255,0
2401,6255,0
149,7913,0
3663,8306,1
9012,6306,0
5834,2697,0
8558,6511,0
1517,2897,0
2525,7412,0
8747,6115,0
5370,7913,0
7637,3676,0
5705,47,1
569,6255,0
2056,8102,0
9246,1306,0
8040,6511,0
7045,5332,0
2082,6793,0
6807,6563,0
974,5004,0
6339,533,0
9288,147,0
7863,783,1
3328,7945,0
1205,7913,0
8577,6360,0
3589,330,0
6823,7913,0
2374,2885,0
3349,7304,0
2337,7994,0
7990,5363,0
6116,6744,1
7776,2885,0
3509,7304,0
8504,268,0
1349,6,1
6796,7638,0
559,7316,0
1767,2732,1
2704,6115,1
3951,427,0
4214,6511,0
5235,7199,0
9941,6511,0
5037,7638,0
4856,8257,1
1106,7531,0
2616,5332,0
1767,2897,0
9450,7209,0
6989,533,0
9740,7199,0
6989,7863,0
6407,140,0
6155,7913,0
2844,8111,0
9536,2356,0
5254,7954,0
7165,7963,1
2776,956,0
1205,2130,1
9246,531,0
4115,6511,0
1109,3186,1
1767,1306,0
9246,4646,0
4414,7209,0
8833,6942,0
5283,6255,0
6440,1982,0
8833,568,0
8833,8565,0
6386,7304,0
6788,2356,0
9791,6255,0
9012,6255,0
8105,956,1
6266,7638,1
2949,2334,0
1678,6511,0
8492,300,0
9240,7638,1
1109,47,0
5337,140,1
4127,5332,1
3509,603,1
9672,6360,1
942,956,0
7382,7316,0
3589,6212,0
8683,7304,0
3083,7531,0
8583,8111,0
6690,1815,1
9740,300,0
9833,1815,0
2672,7963,1
5957,7913,0
461,6213,0
4959,181,0
2402,6115,1
6374,533,0
5427,5363,0
5361,7945,1
8105,300,0
9714,6115,0
1471,7331,1
7784,6793,1
5114,268,1
3539,4646,0
3586,7638,0
8240,300,0
8833,293,0
3969,533,0
3589,7715,0
8504,8257,0
5006,7531,0
8959,7638,0
942,181,0
2949,6255,0
4389,6248,0
156,2165,0
6155,585,0
5103,6511,1
1782,6723,0
7742,1306,0
4190,7660,0
4687,7913,0
8833,5334,0
6494,8111,0
9520,6609,0
8238,5332,0
5498,7199,0
6690,128,0
8320,7331,1
2374,6640,1
7990,6568,1
7747,2208,0
7302,2208,0
3684,7913,1
2677,7638,0
3469,6268,0
6823,8527,0
8105,2356,1
3798,1643,0
9758,7996,1
7354,583,0
3641,8306,0
1085,5332,1
3469,8190,0
9726,7304,0
6416,2356,0
847,7199,0
1838,7996,0
2091,7954,0
7010,7621,0
7052,5363,0
1213,5004,0
7990,594,1
3083,6153,0
8040,6640,1
2776,531,0
4605,7444,0
123,8306,0
2504,7945,1
1646,7913,0
8681,6511,0
9012,350,0
487,1588,0
1482,6640,0
2270,6255,0
5757,140,1
9450,171,0
9973,6360,0
6986,7913,0
3232,7199,0
8204,7080,1
8504,7945,0
5734,140,1
2844,128,0
5337,7638,0
9443,7199,0
6374,7304,0
7856,7913,0
1134,2735,0
4152,7304,0
6823,8189,1
6266,7304,0
3969,7963,1
6407,7913,0
2102,6255,0
3160,638,1
7846,7996,0
7716,7913,0
1429,7462,1
9450,427,0
1482,7638,1
6098,8075,0
4414,7863,0
9124,6019,0
559,7621,0
1672,4766,0
3083,178,0
4115,140,0
8320,6255,0
3000,533,0
1403,268,1
4127,6115,1
7637,7199,0
9791,7638,0
2402,333,1
8238,6284,1
4190,594,1
5004,7913,0
3684,7621,1
2451,2356,0
4389,1643,1
7991,7863,0
8579,6019,1
4695,7331,0
7548,819,0
7441,583,0
7354,783,0
2102,6793,0
1672,268,0
9401,4046,0
8683,25,0
3071,8527,0
2172,6360,0
9287,6213,0
8878,300,0
9012,7863,1
7045,8102,0
8683,594,0
9758,2805,1
5337,300,0
2401,300,1
7010,6563,0
9941,7638,0
149,6640,1
7273,7199,0
2651,8188,1
6823,4046,1
867,140,0
4190,6212,0
8999,4205,0
6407,6255,0
9450,7199,0
4152,567,0
6587,4582,0
5103,5332,0
5979,2165,0
7430,6212,0
3663,268,0
2186,5004,0
8833,3548,1
7856,6212,0
3071,1034,0
1850,300,0
7677,8625,0
1517,583,0
7570,2721,1
1057,533,0
6116,6720,0
1403,6642,0
8683,6563,0
2401,6449,0
5906,6793,0
9992,6306,1
7716,6255,0
7273,5363,0
2651,7954,0
456,7863,0
2337,1161,0
1471,6362,0
5889,300,1
2035,2356,0
5004,6642,0
6989,6213,1
4507,8092,1
6702,6942,0
5979,8527,0
4733,2721,0
7273,181,0
4880,783,0
4190,562,1
3969,3771,0
6494,6793,0
6587,7863,0
7045,2165,1
4880,562,0
5838,533,0
5042,1815,1
1398,5004,0
9450,300,0
8806,178,0
2102,6213,1
4249,330,1
72,7621,1
8309,7963,1
490,7954,0
7863,7638,0
6552,7621,0
4115,8257,0
4265,6723,0
8153,7199,0
9861,2590,1
9478,5004,0
8577,1020,0
7677,6511,0
7007,6,1
1482,7199,0
392,300,0
5773,1150,1
9261,47,0
7010,5004,1
7045,8236,1
6232,819,0
1429,42,0
3509,533,1
7747,6942,0
1917,1306,0
1850,2721,1
8683,7316,0
1471,268,0
5834,4093,0
8681,7954,1
6587,6362,0
2102,531,0
6416,8152,0
4611,6360,0
9992,2356,0
6386,7954,0
6760,6255,0
5361,609,0
9138,7621,1
4605,171,0
5773,583,0
2270,8189,0
3951,7199,0
5498,2356,0
3624,6,0
1252,533,0
2844,1020,0
4180,6793,0
9401,531,0
9401,4206,0
536,7913,0
8833,1622,0
4117,3046,0
1184,5004,1
3951,2697,0
3248,1354,0
4880,7849,0
4180,6115,1
1681,6511,1
6116,47,0
1819,4578,0
2091,5004,0
5237,6255,0
974,7945,0
7742,5332,0
5427,6563,0
378,3046,1
3759,1306,0
4687,2590,0
569,3941,1
1349,2721,0
5498,6255,0
4115,47,0
6888,7954,0
3684,2696,0
5109,2070,1
2270,2897,0
3083,8594,0
5037,2165,0
6116,4206,1
8920,7954,0
4200,6799,1
1398,7316,0
8368,8152,1
5773,2111,1
4610,8190,0
6234,330,0
3387,583,0
1156,7638,0
7990,5332,0
1850,583,0
5957,7756,0
156,6793,0
2401,3046,0
7382,268,0
3663,7122,1
8320,7863,0
7125,5363,1
3517,7412,0
2270,4646,0
2102,1161,0
8833,2897,0
1677,8527,0
4829,3046,0
2374,7412,0
569,8743,0
5979,6212,0
4619,7316,0
9450,330,0
3664,6255,0
6155,7954,0
6645,3238,0
2951,7996,0
9443,2356,0
6755,6019,0
2082,7304,0
3492,7963,0
4324,2280,1
5957,583,0
2082,7331,1
4140,6115,0
9401,1622,0
816,140,0
8747,819,1
224,2356,0
4501,7199,0
2270,8532,1
3653,6511,1
897,6609,0
7828,7304,0
5237,3186,0
4961,5004,0
9667,2165,0
8833,7547,0
7570,6212,0
3589,3914,0
6989,8527,0
378,6511,0
9498,6360,0
6232,7945,0
7970,1815,1
6450,165,1
4115,4006,1
9714,7638,0
8651,7209,0
3793,6799,1
82,7209,0
5838,8257,0
5006,6255,0
7919,2590,0
3469,47,0
2451,6019,0
6735,819,1
6450,4631,1
4594,5332,0
8128,6793,1
2378,7209,0
7677,7954,0
1595,531,0
5987,6793,0
3328,956,0
3599,2356,0
6755,6736,0
8683,6942,0
8412,2590,0
8579,6799,0
1595,140,0
2186,783,0
6735,6563,1
2378,7621,1
3000,2165,0
2374,1815,0
7747,7316,0
5006,1161,0
6239,6255,0
4182,6284,1
3759,6255,0
9175,8038,0
3524,5332,0
4252,594,1
6244,6793,0
6386,3269,1
1398,6212,0
8412,7621,0
6232,5332,0
2571,2356,0
2332,7638,0
1398,6723,0
2270,47,1
569,330,0
6116,7304,0
8153,3676,0
8978,783,0
9552,6255,0
6116,2111,0
3003,6360,0
4717,609,0
5427,7531,1
4965,2721,0
8511,1815,0
5889,6799,1
6494,1815,1
4605,7996,1
82,7945,0
2270,1815,0
72,3046,0
3663,2590,0
2270,2805,0
5979,5004,0
8465,6360,0
9245,6362,0
897,7199,0
2401,7863,0
7045,6129,0
3798,1306,0
5734,181,0
6788,7638,0
5766,3186,0
8238,7954,0
3453,533,0
7828,2165,0
6386,533,0
3862,609,0
525,533,0
7716,6212,0
8435,6642,1
9667,956,1
7181,7531,0
2270,7531,0
9552,6360,0
4020,6255,0
3832,7945,0
3003,25,0
3899,6360,0
8309,6398,1
5987,541,0
4152,2897,0
8983,5363,0
4180,300,0
2172,594,1
7125,140,1
7167,4646,0
2172,7304,0
3951,8771,1
2337,4046,1
3313,7954,0
7010,7199,0
2082,7316,0
1838,7945,1
1681,6360,0
7302,1622,0
7828,7638,1
5372,7954,0
4733,603,1
8615,330,0
816,47,0
974,783,0
6875,7863,0
4324,7945,0
1109,6640,0
461,8111,0
6587,328,1
4117,6511,0
6155,2111,0
8309,961,1
5957,562,1
9498,330,0
2684,7954,0
4959,7945,0
3798,6793,0
9672,4046,0
4184,8236,0
8128,2356,0
6239,47,0
3023,7638,0
3023,6115,0
1767,531,0
8240,7954,0
5427,8450,0
9552,7621,1
1482,427,0
1156,583,0
2270,6129,1
1482,7863,0
8999,6360,0
1517,6842,0
5194,47,0
7382,7863,0
5042,7954,0
7770,8111,0
9448,6360,0
1854,7913,0
2466,6255,0
8983,42,0
6416,6642,0
4605,7863,1
7181,7954,0
5042,3676,0
8978,7715,1
82,6609,0
7863,6511,0
5220,8111,0
9861,7531,0
2012,583,0
7846,2721,0
4107,8111,1
4184,3941,0
3492,819,0
7919,6640,1
867,7316,0
942,6563,1
9240,594,1
6807,3046,0
6823,300,1
4140,7209,0
7770,956,1
3749,3186,1
6386,4671,1
9246,7863,0
2056,330,0
6494,7531,0
7165,7547,0
6374,181,0
5194,7638,0
4389,956,1
4959,4046,0
4092,7715,0
487,1306,0
1595,6720,1
8683,6360,0
6266,147,1
2102,7954,0
6374,7211,0
6735,3046,0
8987,6793,0
927,5332,0
816,6793,0
9552,7913,0
4594,4046,0
3289,1815,0
5237,333,0
7846,7316,0
9552,7954,0
5103,4006,0
5705,8257,0
1398,7462,0
9758,1161,0
9443,783,0
3958,5332,0
1917,7209,0
8204,47,1
9175,5954,1
4880,5332,0
6116,3132,1
5283,7863,0
7990,5004,0
8806,6284,0
8238,6212,0
5103,8306,1
5766,6793,0
1404,2165,0
198,3046,0
562,956,1
2949,783,0
8683,3046,0
8615,7621,0
6645,427,0
1398,8743,0
224,6082,0
9941,4046,0
6339,1815,0
7919,1588,0
4695,6640,0
9852,2590,0
1252,6793,0
6386,583,1
9667,268,1
8238,7913,1
8833,6153,1
3539,8188,0
897,6255,0
6823,8152,0
7742,6,0
5372,6362,0
5372,8111,0
6796,6609,0
2451,8092,0
8240,6942,0
8978,330,0
1678,6255,0
6386,1034,0
9175,7913,1
6888,6255,0
6239,7304,1
5734,3046,0
4961,2165,0
8309,3269,1
2225,8189,1
7548,330,1
5265,7209,0
2704,300,0
4182,7996,1
5237,609,0
9240,7331,0
1677,5530,0
6232,594,0
7125,8527,0
5123,7621,0
6494,7913,1
8747,5332,0
3624,7316,1
9170,171,0
4249,1053,0
5006,7621,0
3958,8236,0
4934,1034,0
9478,7245,0
7570,2280,1
559,3186,0
2402,2356,0
4182,7209,0
9672,6063,0
2316,6793,0
1109,6019,0
2394,6511,0
8747,6942,0
4880,953,0
4074,6360,1
4570,7945,0
5498,2897,0
9852,5332,0
9012,351,0
2270,956,0
4605,7547,0
8983,638,0
1404,4552,0
3624,47,0
6404,268,1
9861,8188,0
3778,330,0
9758,7954,0
562,2356,1
3349,5332,0
8040,6213,0
156,300,0
8983,3530,1
3469,4582,0
6807,7954,0
3363,7954,0
7414,7638,0
4214,7531,0
4611,47,1
8681,7913,0
4184,6362,0
4305,5332,0
7828,5004,1
224,6511,0
1184,7954,0
7727,836,0
2334,7306,1
6404,5954,0
3524,3186,1
2225,2897,1
4570,181,1
5427,7913,0
2134,959,0
9861,5530,0
415,1020,0
3653,2165,0
6386,1588,1
5194,7199,0
4190,7825,1
9138,7304,0
4934,956,0
1403,3941,1
7828,5363,0
4880,6534,1
3469,5530,1
4880,3941,1
6888,2356,0
2225,6360,1
4695,603,0
149,6115,0
8615,7954,0
7273,7913,0
6760,8075,0
3083,7638,0
6702,47,0
3510,7621,1
8153,1034,0
9245,8236,0
7683,3941,1
4829,6115,0
7919,8075,0
9667,531,0
3509,7828,1
1134,47,0
4635,609,0
8747,5363,1
2374,7484,1
2677,1982,1
4610,956,0
9520,3941,0
3958,7531,0
2332,7316,0
8770,7945,0
2316,300,0
2004,6255,0
7991,6609,0
7155,6793,0
9498,6609,0
3589,6255,0
8117,4046,0
7045,7660,0
227,6609,0
3232,7945,1
7354,6942,0
5498,6736,0
7727,6362,1
6404,7331,1
461,7715,0
2102,7994,0
1134,7954,0
7678,7638,0
8238,5004,0
3453,7316,0
9160,2356,0
4182,8257,0
9170,7199,0
9290,583,1
5427,6115,0
6407,2356,0
1854,6360,0
4934,5530,0
1109,6213,0
9861,6563,1
5734,6563,1
6374,7863,0
3083,42,0
7283,567,0
82,8188,0
5889,6153,1
305,1020,0
8153,333,0
6986,6255,0
7747,6736,0
4594,6284,1
6587,2165,0
9170,7638,0
6416,1255,0
6690,8284,0
6735,6799,1
7991,2356,0
2402,5004,0
5004,7863,0
3951,1020,1
5337,6360,0
4180,7531,0
8153,5332,0
4389,6255,0
5004,6136,0
2451,6255,0
9726,6793,0
3517,47,1
7919,6212,0
7863,6609,0
7970,4205,0
7010,6360,1
2374,6793,0
7050,2721,0
7770,6255,0
7970,6115,0
9552,25,0
3663,47,0
6788,583,1
1109,6212,0
6788,5004,0
3744,609,1
5734,7621,0
5337,2165,0
6755,8189,0
8920,6255,0
2316,7994,0
8978,7996,0
5103,783,0
1678,8111,0
6735,7531,1
9401,533,0
7770,6019,0
6823,8198,1
816,8257,0
4880,6744,0
7637,7304,0
8320,3046,0
1398,25,0
9240,533,0
9290,8257,0
3023,4046,0
6888,6942,0
4961,6255,0
2374,8257,0
2082,7621,1
1156,5004,0
8227,783,0
9531,330,0
1088,1306,0
8833,789,0
3289,5332,0
5906,7638,0
3469,7954,0
2776,5004,0
8238,3046,1
7716,7304,0
3469,300,0
487,1815,0
487,8200,1
7727,4646,0
2102,7621,0
7430,7954,0
9018,6793,0
7570,7316,1
6690,6609,1
3023,7209,0
1205,6284,1
8238,1622,0
3524,7954,0
6794,6640,0
263,7945,1
3363,567,0
1782,6255,0
6416,2958,1
5037,7828,0
3469,2111,1
6552,5530,0
149,4766,1
7045,3836,1
3492,2356,0
4643,3046,0
8368,5332,0
4695,794,0
5498,6212,0
3899,47,0
9667,8152,1
3000,7913,0
974,533,0
9374,5004,0
4190,4006,1
5237,47,0
3951,2165,0
1057,5332,0
8964,6449,0
9536,6942,0
6794,7945,0
9852,330,0
6374,3500,0
8465,7638,0
4092,8190,0
9246,6942,0
5283,6213,1
8964,7531,0
1429,7945,1
3023,7621,0
7052,4766,0
9941,268,1
7050,4046,0
1134,4582,0
9290,7945,0
2004,4046,0
5957,42,1
9124,330,0
3595,1150,0
6386,1815,0
9448,2590,1
5906,6284,1
6571,47,0
7382,959,0
2102,3941,1
1819,181,0
7570,330,0
6735,2590,1
9160,8603,0
559,7638,0
8040,7954,0
6155,6511,0
9012,6534,0
1184,7913,0
2334,6799,1
6450,6,0
4880,1815,0
2402,7209,0
3665,47,1
4107,6511,1
6116,7715,1
1782,3941,0
7677,300,0
9714,6212,0
7125,6213,1
4115,147,1
6407,5004,0
3071,1354,0
2030,6362,0
8240,5332,0
5734,330,1
8964,956,0
3951,337,0
6823,7621,1
2844,300,0
3515,6255,0
3586,268,0
6842,956,0
4430,7316,0
2677,7209,0
2672,6255,1
569,5332,0
8153,6115,1
3349,2165,0
9992,7638,0
8747,7331,1
8435,7199,0
4180,7638,0
5042,5363,1
9374,4093,0
3899,330,1
3453,2356,0
461,268,0
5778,531,0
3313,583,0
2270,1571,0
6266,956,1
4200,7954,0
3355,7209,0
534,585,1
3595,7621,0
3958,7316,0
7677,6255,1
2949,5334,0
6029,1945,1
2571,6255,0
2466,8257,0
5103,7316,1
8615,3186,0
4115,6,0
7010,7638,0
2504,956,1
8964,6362,1
2056,427,0
9175,2356,1
4200,7316,0
3517,8305,1
3248,7316,0
6823,7863,0
9861,7331,1
3083,6284,0
4430,961,0
1213,6793,0
3248,7621,1
8320,7954,0
389,8527,0
1917,6609,0
3125,8527,0
2149,583,0
3744,7621,1
2949,3046,0
3160,8257,0
8579,300,0
5987,6,0
2504,6360,0
7784,6019,0
7716,5363,0
559,2356,1
1106,7638,0
149,7316,0
7167,6563,0
2091,178,0
4214,7863,1
263,959,0
6416,7126,0
2056,7199,0
6386,2356,0
6155,7863,0
7742,6212,0
5773,7126,0
7441,6793,0
9450,7913,0
867,3771,0
7828,8111,0
5815,956,0
3160,6,0
1681,6640,0
3071,6449,0
5427,8111,0
2951,533,0
6888,2165,0
9861,567,0
9714,8236,0
9448,330,0
1783,5332,0
534,4006,0
9758,2111,1
6807,1588,0
4249,1255,0
4074,6019,0
3000,6799,1
9401,3046,0
5042,5954,1
974,8284,0
2056,1622,0
7919,5334,0
9791,6511,0
9175,7304,0
2272,2356,0
149,171,0
5042,6511,0
3515,7126,0
5067,531,0
8987,7954,0
3624,819,1
7952,8167,0
8153,5530,1
224,7954,1
7354,8111,0
1980,585,1
2951,7913,0
5906,330,0
4501,533,0
2504,533,0
6735,3771,1
916,7954,0
1349,7828,0
7828,6255,0
6386,7994,0
9726,47,0
5778,7863,0
490,6255,0
2270,7016,0
3586,7304,0
7919,7638,0
7155,8257,0
4934,5004,0
160,6793,0
1403,7945,0
6116,7913,0
6760,7199,0
7052,8306,0
4180,3046,0
7677,6115,0
3255,7954,0
8368,7304,0
2272,4046,1
3832,6255,0
7716,2165,0
525,789,0
4611,956,0
1767,7209,0
7045,4952,1
8964,6212,0
487,6640,0
867,6360,0
2012,3836,0
6989,7954,0
8615,6360,0
1980,8527,0
3684,6255,0
8806,8730,0
6702,330,0
4605,7358,0
927,2897,0
2451,7306,0
8747,8743,0
2309,268,0
7570,6744,0
2684,7316,0
9448,7199,0
7990,7828,0
9973,8188,1
6239,4578,1
123,7863,0
6450,7199,0
9520,330,0
1109,6942,0
2056,8065,0
4605,4921,0
4467,3046,0
1595,8092,0
2357,783,0
7570,328,0
9290,8190,0
6416,1139,0
1109,7996,0
3759,5004,0
4695,1815,0
6552,4046,0
1672,140,1
5220,956,0
4695,4582,0
9261,6609,1
9987,6,0
3798,7306,0
487,2111,1
156,7638,1
1106,7199,0
3071,7994,0
6239,6284,0
8615,140,0
7007,25,0
4643,6362,0
9667,6360,0
3000,2590,0
9401,594,0
3798,2590,1
3453,5004,0
4965,783,0
8309,609,1
4249,533,0
4501,583,0
6760,47,0
9018,7913,0
6807,6799,0
9170,7913,0
8240,8257,0
9288,783,0
8320,7994,0
5114,959,0
4965,6019,0
1838,47,0
9498,1020,0
7682,6942,0
8238,7531,0
9175,268,0
6823,6310,0
6842,1571,0
4553,2590,0
974,2590,0
7548,6360,0
8577,7945,0
7828,268,1
3663,5004,0
2172,6511,0
4214,7621,0
6755,6942,0
6823,8111,1
5935,7945,1
6702,5004,0
3071,5363,1
2672,7863,0
8492,5004,0
2270,3914,0
2688,7913,0
7784,140,1
5889,7996,0
2369,4046,0
2402,956,0
2172,6609,0
6116,609,1
7919,6736,0
3003,5004,0
8153,7945,0
7990,7209,1
9987,5530,0
1429,1161,1
3248,7331,1
9401,7945,1
5164,6793,0
2270,567,0
2309,25,0
6807,2721,0
8683,6744,0
4619,6793,0
9740,7945,0
1349,47,0
916,783,0
6407,268,0
9246,6793,0
6374,6642,0
7414,330,0
6735,7621,1
6735,2356,1
2213,6019,0
3586,8188,0
2466,345,0
1349,8111,0
6796,533,0
1678,3132,0
7828,6793,1
5220,7715,0
3539,5363,1
6735,956,1
927,789,0
4467,5332,0
8153,330,0
378,7945,1
4880,6642,0
6450,6640,0
9552,3186,1
3958,8092,0
1252,594,0
9374,5334,0
2402,25,0
7856,6360,0
525,6359,0
4961,5332,0
2844,4921,0
9861,8152,1
7742,819,0
3453,171,0
6407,6609,0
440,47,0
198,7945,1
8833,7660,0
6087,6360,0
5423,7945,0
3160,6213,0
6735,7996,1
1403,6793,1
525,3914,0
4127,6213,1
6788,783,0
1205,7209,0
7682,7913,0
9740,7913,0
461,2111,0
2337,7531,0
3759,7304,0
9992,1255,0
4925,7954,0
2378,5332,0
5037,7245,0
2451,300,0
8651,42,0
3586,2721,0
4117,7199,0
1850,7621,0
440,1020,0
2102,7209,0
4880,8450,1
6440,6609,0
2134,3941,0
4020,2356,1
1205,6640,1
1783,7913,0
389,611,0
847,7638,0
2651,4046,1
3832,4582,0
8683,300,0
4200,427,0
2213,6793,1
4733,4277,0
6374,1020,0
942,8257,0
7155,5332,0
5957,268,1
7742,5004,0
3349,7638,0
5330,8306,1
3363,1306,0
5734,5332,0
8747,7621,0
5987,7913,0
5164,7199,0
8770,5332,0
9288,6793,0
8964,42,0
5705,7304,0
8615,6793,0
3053,7945,0
1838,7638,0
867,6640,0
6986,268,0
6494,3858,0
9246,8102,0
6494,138,0
6029,7913,0
8238,583,0
7045,533,0
263,7863,0
8683,956,0
4749,3500,0
1677,6563,0
3328,6360,0
4605,4578,0
3071,8250,0
1838,2356,0
5815,6255,0
4200,5334,0
5220,5004,0
7990,531,0
5123,6284,1
974,7913,0
2401,6563,1
4619,300,0
4605,959,0
149,6019,0
8153,2721,0
1109,7849,0
149,7621,0
1819,7199,0
4643,7954,0
4389,7316,1
1252,47,0
6807,7199,0
8681,7621,1
7846,6115,0
8504,5332,0
4934,6019,0
2134,7945,1
4414,533,0
7727,7304,0
8558,6255,0
6571,7621,1
5237,7316,0
7682,7954,0
9667,5004,0
5906,8257,0
4635,6799,1
4687,5363,0
4140,6255,0
2571,7531,0
9726,594,0
4115,2356,0
2378,1815,0
3160,1815,0
7570,609,1
6875,609,0
8964,8188,0
2949,2165,0
5734,956,0
4265,7316,0
2401,1161,0
7050,6799,0
2616,5004,1
7770,6449,0
4501,330,0
4305,6115,1
8683,1982,1
4180,6212,1
4190,8188,0
7052,6019,0
9941,8527,0
1767,7945,1
4961,7660,0
2951,7126,1
1646,7531,0
3000,7080,1
4180,7963,1
5006,7863,0
4127,6360,1
6823,638,1
9288,6019,0
6386,5334,1
5773,7199,0
4880,5004,0
8770,5004,0
9672,531,0
3313,7638,0
3469,180,0
7677,5332,1
4115,7304,0
3778,6511,0
82,2721,0
2525,6642,0
2378,6115,0
974,3771,0
9287,5363,0
1106,5363,0
7181,300,0
3000,8111,0
4507,783,0
1404,2897,0
9160,2111,0
2309,7209,0
1213,2356,0
6416,4646,0
7007,330,0
1767,3941,1
9478,7994,0
6416,6255,0
3053,7954,0
1109,7316,0
3899,7945,0
3248,47,0
3951,7963,0
6244,6642,0
263,6511,0
3624,7621,1
8465,7304,0
2949,7913,0
4687,3046,0
3425,7638,0
6702,7913,0
461,8236,0
5838,5332,0
2374,171,0
9791,959,0
5265,7621,1
8511,7954,0
160,6799,1
2134,6019,0
6494,2356,0
5757,1161,0
2272,7621,0
4934,7444,0
4605,8004,1
2270,7945,0
9714,6255,0
7273,47,0
1213,4206,0
9536,783,0
2357,6942,0
2056,2111,0
9531,3186,0
6788,7913,0
2402,7756,0
3248,5332,0
5757,2356,0
7854,6878,0
562,6793,0
2012,4046,0
3026,330,0
3595,3046,0
8832,7954,0
974,3941,1
5103,47,1
6645,2111,0
3313,6793,1
1349,6640,0
9833,609,0
9290,6609,1
7440,594,0
4733,25,0
1672,330,0
4733,1643,0
9740,7016,0
897,783,0
4507,7304,0
9378,2721,1
6087,268,0
4605,7963,1
9287,2356,0
5766,8236,0
2091,6793,1
8227,25,0
8964,7316,0
4180,3941,1
5987,5363,1
2844,8625,0
4182,6019,0
4733,1139,1
6266,2165,0
9401,7199,0
6842,178,0
9160,6793,0
4856,533,0
9714,7621,0
4635,7945,1
8240,583,0
6807,6640,0
2332,7199,0
4107,2165,0
2270,7660,0
525,7531,0
2012,7845,0
3759,7316,0
392,5363,0
4389,1571,1
8615,8284,0
9791,6360,0
5337,6255,1
4252,7304,0
4200,3941,0
2030,7199,0
3969,4646,0
7570,147,1
3969,7199,0
9992,7621,1
8238,300,1
2466,956,0
2504,1588,0
8683,6793,0
5935,7863,0
8579,6310,0
5370,7828,0
7283,2356,0
8117,6284,1
4200,6640,0
1646,6362,1
4829,533,0
1782,8527,0
2378,3941,0
3289,7913,0
3862,7638,0
2844,7199,0
4934,1982,0
3586,6255,0
1404,7945,0
4265,6115,0
3589,7863,0
2082,956,0
7637,427,0
3793,25,0
7441,7199,0
8240,3186,1
2466,6360,0
6888,7996,0
9667,7304,0
9012,6842,0
8959,6248,0
4570,783,0
2688,533,0
5237,5332,0
8964,7863,1
2186,7945,0
82,7331,1
2334,6019,0
3248,8236,0
5370,3186,1
4829,6360,0
1403,6360,0
7273,5332,0
7828,7331,1
3232,7913,0
5705,5363,1
6494,4921,0
160,531,0
3492,5004,0
5987,3548,0
7637,4206,0
7045,1255,0
5254,8236,0
4605,1161,0
5220,7994,0
8240,4046,0
3313,531,0
3387,7863,0
4152,5332,1
8747,8189,0
7952,583,0
5283,7638,0
2056,7211,0
7283,6255,0
2402,7996,0
4115,181,0
2004,7954,0
4934,2111,1
4635,6360,0
6888,6449,0
5427,7638,0
5773,8111,1
8153,6511,1
9714,6306,0
2213,1306,0
2030,783,0
3023,6640,0
3313,6563,1
5037,7715,0
5004,783,0
8683,7531,0
8465,7945,0
487,6799,1
2213,8250,0
897,7211,0
9240,7531,0
3515,7945,0
4092,180,0
6986,47,0
7742,171,0
9536,2805,0
2394,7913,0
3798,8236,0
8040,7963,0
2035,47,1
1917,7304,0
149,8306,0
8320,956,0
487,7122,1
1057,171,0
2776,783,0
4190,171,0
4856,47,1
2374,3941,0
4214,6115,0
2091,6255,0
9531,7621,0
1677,5004,1
1085,6255,0
4214,783,0
7548,3186,1
5109,6793,0
8615,300,0
3798,5363,0
2688,7209,0
82,5332,0
2142,6793,0
9288,7199,0
8128,7199,0
2309,7913,0
3899,7954,0
1783,171,0
974,5334,0
8833,6129,0
3599,6511,0
8833,6723,0
2672,6793,0
8240,2590,0
6450,7304,0
9758,6563,1
9478,5363,0
6116,3107,0
6796,7913,0
5337,7199,0
8747,7306,1
2504,7621,0
7856,1020,0
4880,6,1
942,609,0
3653,7621,1
2975,5363,0
6266,47,0
7854,956,0
2012,7963,0
2975,7954,0
3517,42,1
3517,5363,1
6386,6942,0
2402,7412,0
1854,6115,0
8238,2356,0
5283,6115,0
1677,1815,0
9261,956,0
5766,959,0
9478,531,0
9498,300,0
9728,3186,1
6823,8730,0
8040,6255,0
2466,7304,0
6116,789,0
8465,268,0
6645,2208,0
942,6942,0
5889,7963,1
562,1622,0
1767,427,0
3832,7621,0
7770,25,1
8978,6793,0
3744,531,0
9667,2334,0
2004,2590,0
525,6511,0
5103,330,1
4115,7199,0
3589,783,0
9240,8236,0
7747,6511,0
7165,533,1
3023,6511,0
9287,7863,0
1819,7828,0
2030,6115,0
392,5004,0
4324,594,0
4190,5332,0
6823,6362,0
4925,6360,0
6029,783,0
3624,7199,0
4249,6793,0
82,5363,0
9531,178,1
9714,5332,0
481,6115,0
5042,783,0
9833,7638,0
5194,531,0
1156,5334,0
6440,956,0
4324,6255,0
2337,5004,0
6407,358,0
6116,6716,1
3832,5332,0
5889,5334,0
7167,7954,0
2102,609,0
8240,181,0
7045,6284,1
5773,6115,0
2004,7638,0
3160,7638,0
9012,4205,0
5037,1034,0
6735,300,1
9170,8065,0
8128,6115,1
1156,6019,0
9987,6255,0
9018,6248,1
487,47,0
2334,7954,0
3524,7913,1
8959,956,0
4605,4046,1
490,2356,0
9987,7945,1
4324,8306,1
3160,2356,0
3663,7199,0
4249,7807,0
7856,140,0
4961,7945,0
3173,6640,1
7007,6511,0
5987,4952,0
3160,3186,1
5778,1020,0
5734,4205,0
2091,7863,0
6888,2897,0
4570,533,0
6450,2334,0
8558,7996,1
4610,7913,0
2374,7660,0
3425,7199,0
4570,2356,0
4610,300,0
4934,533,0
4324,6609,0
1819,7621,1
3744,583,0
3255,533,0
8153,8306,0
1403,5332,0
1767,2276,0
2374,7913,0
5067,2334,0
5935,6360,0
1767,5332,0
5123,28,0
7045,8527,0
3509,2697,0
9726,6360,1
7742,1571,0
8583,171,0
4961,6212,0
3328,7954,0
7990,7331,1
5906,6360,0
3083,7444,0
8309,3771,1
7167,7531,0
6702,8691,1
1782,1354,0
6982,6255,1
1252,181,0
2394,6360,0
1917,7199,0
7155,609,1
4107,7638,0
5773,8038,0
1482,171,1
6794,585,1
5834,25,0
3515,7863,1
2704,6019,1
4190,819,1
4619,7913,0
8465,7828,0
2172,7547,1
3684,4952,1
9758,8092,1
8128,7913,0
8204,4046,0
2451,8527,0
9941,5332,0
6888,3046,0
9520,7316,0
415,5004,0
3539,594,0
2402,1815,0
456,7945,0
9374,562,0
1646,783,0
974,594,0
9861,5363,0
6239,7621,0
6982,6284,0
8153,140,1
4635,8527,1
2688,956,0
6760,7863,0
3684,1020,0
7050,6255,0
6823,7828,0
490,5332,0
2270,6362,0
2012,7621,0
3589,5334,0
82,5004,1
2571,5363,1
1156,531,0
2337,8236,1
7828,1815,1
9728,5332,0
1767,8056,0
3517,7945,1
9498,7954,0
974,6640,0
8240,330,0
3589,6793,0
8583,2590,0
7919,7621,0
9992,1020,0
2677,1815,0
3328,3046,0
415,3186,0
1156,7199,0
8959,3046,0
4687,8257,0
2776,300,0
9160,6642,0
2975,7913,0
6571,2356,0
1088,7199,0
9520,7304,0
5067,47,1
6339,128,0
3355,7199,0
9245,6563,1
2056,2897,0
3255,300,1
562,3914,0
8978,6255,0
5705,8190,1
927,2735,1
9667,585,0
3768,3941,0
6587,7621,1
5123,5363,0
3793,7863,0
7045,7209,0
3524,7621,0
4605,8743,0
6823,6,0
4961,8527,0
525,6255,0
3515,6362,0
2616,6019,0
9401,7621,0
7637,567,0
6440,7199,0
4934,5334,0
6386,6720,0
8227,7209,0
3328,7547,0
3589,1982,1
3832,7638,0
5067,7199,0
6982,1020,1
3510,3186,1
4115,8532,1
3469,7621,1
974,7316,1
415,3046,0
2030,6511,0
2504,7304,0
2401,6360,0
897,7304,0
8040,128,0
8999,7368,0
6407,1643,0
3899,2721,0
1398,3530,1
4074,6511,1
2776,7954,0
5004,7954,0
8833,783,0
1088,6511,0
2082,8236,0
6823,2165,0
6796,2897,0
7856,6640,1
7747,4206,1
2776,7621,1
1595,300,0
3653,6255,0
3313,3046,0
198,330,0
7784,609,1
6735,42,1
9973,1815,0
6374,6212,0
6155,956,0
2334,7913,0
1678,7913,0
3071,300,0
2684,300,0
1088,47,1
3071,1571,0
4856,7199,0
8833,6306,0
9672,2165,1
1767,6438,1
3589,6359,0
8770,3186,1
8227,6360,0
3589,47,0
4695,268,0
1850,1306,0
9531,585,1
9288,5332,0
4092,6284,1
440,6255,0
4127,6212,1
3663,594,0
461,7199,0
4611,330,0
8978,47,0
6386,4578,0
4092,7963,1
927,7913,0
6450,8131,0
8128,6255,0
7682,7945,0
4252,7638,1
4182,180,1
2704,6255,0
8579,585,0
8577,7863,0
4214,1815,1
3387,6511,0
2374,5363,1
8511,6511,0
9728,7199,0
7010,300,0
2374,2897,0
4570,8075,0
5423,4006,1
6116,8615,1
2102,6115,1
4880,42,1
82,7199,0
8683,6284,1
5889,6642,1
4152,533,1
897,3941,1
2949,2208,0
2102,7963,0
7990,7621,1
6823,7756,0
2142,956,0
6244,7621,0
8238,6640,1
2844,7954,0
7570,6942,0
2172,7638,0
3071,5004,0
7354,5332,1
461,6019,0
4635,7863,1
1106,7996,0
2374,8056,0
3517,7954,0
3248,6,0
9552,783,0
6986,531,0
5889,1306,0
7747,961,0
1184,6360,1
7747,6019,1
4643,8111,0
9728,300,0
4389,819,1
4880,3046,0
8747,6640,1
7828,819,0
9138,2721,1
6244,531,0
7570,4952,1
5235,5332,0
2401,7954,0
3684,583,0
1184,4952,0
2374,7316,1
3509,47,0
8153,268,1
2451,6793,0
7990,2280,0
305,7638,0
4182,1815,0
6494,47,1
5889,956,1
7441,7863,0
6386,8527,0
3026,583,0
1134,6255,0
1646,25,0
7747,25,0
6386,567,1
3453,6115,0
8153,8257,0
4635,7913,1
7970,8284,0
5370,6609,0
1517,8189,0
5979,2356,0
3003,7304,0
8651,5363,0
5123,5004,0
7354,956,0
9246,6642,0
927,2721,0
9450,6255,0
3053,330,0
2975,7621,0
3160,594,0
2688,7996,0
5834,783,0
3003,7913,0
8806,4046,0
227,6438,1
8959,6511,1
8511,140,0
7181,8250,0
3125,7863,0
8833,165,1
5889,1161,0
8240,6255,0
3665,5530,0
3599,7621,0
3417,5332,0
2369,2356,0
5423,268,1
4635,2805,0
897,7621,1
2225,5530,1
9124,5332,0
7053,8236,0
1213,7828,0
8238,2590,1
5006,7412,0
4605,5363,0
5734,2590,0
8651,5332,0
6450,5530,0
5889,587,0
3328,300,0
4214,6640,0
559,47,1
3539,47,0
7637,6360,0
4184,956,1
7570,783,1
8747,583,0
8504,2165,0
3624,6360,0
3778,6255,0
5889,178,1
2030,6563,1
2012,6448,0
7010,6793,1
1677,7715,0
847,7954,0
7570,7863,1
5109,7638,0
7440,330,0
7727,6115,0
1429,5004,0
8833,4953,1
3951,789,0
4717,8257,0
7784,8257,1
5889,337,0
7770,5332,0
6823,171,0
5979,358,0
7050,6563,0
4140,5004,0
2402,6744,1
7776,6609,0
5957,3046,0
149,7531,1
8683,1643,0
9288,7126,1
5889,6609,1
7991,6115,0
4749,1994,0
2082,7199,0
2402,2280,1
6645,6115,0
2142,5332,0
9401,2165,0
5834,8236,0
3653,7304,0
8128,6310,0
8117,7638,0
6087,6563,0
881,533,0
2956,300,0
5220,1020,1
5337,5363,0
7440,1945,1
1677,4921,0
2270,4205,0
8770,7863,0
6888,5332,0
6807,7016,0
2684,7963,0
1838,3046,0
916,6620,0
2956,1588,0
149,6310,1
8681,47,1
7770,7954,0
2134,6511,0
7846,6640,0
6982,2356,0
6735,6793,0
3951,6359,1
3595,6793,0
5734,8257,0
9791,7104,0
5834,6255,0
8117,6019,0
8309,6609,1
4695,181,1
487,7199,0
4252,2356,0
1672,609,0
1819,8236,0
5330,7304,0
6029,6640,0
1471,2721,1
2374,7638,0
8309,6255,0
6823,6115,0
9728,2805,1
8959,5332,0
9246,6451,0
1106,2111,1
974,956,0
4184,5363,0
4092,330,0
3417,609,1
6386,6620,1
4643,6449,0
2394,6793,0
8683,8771,0
4430,7016,1
1783,6620,0
3160,7199,0
7856,47,0
7828,8527,0
6404,2280,1
4880,794,0
2684,47,0
6029,7638,0
8153,594,0
2270,6793,0
7828,47,1
1404,6255,0
1767,6362,0
3832,7863,0
6989,6640,0
6416,7209,0
4249,7304,0
8878,6449,0
149,6609,0
224,7199,0
8238,7412,0
2035,8236,0
8978,7638,0
6098,7621,0
3355,2356,0
9160,8065,0
5889,1232,0
7856,6642,0
9246,6609,0
7952,8257,0
7441,7304,0
3492,6362,0
8579,42,1
3125,1161,0
389,5530,0
8683,2070,0
4214,300,1
3071,3914,0
2402,567,0
6702,6568,0
5103,7945,1
5889,7896,0
942,5004,0
7010,8257,1
8577,956,1
9012,7199,0
4610,7954,0
8615,4206,0
7273,7996,1
8878,25,0
8412,7996,0
3469,7080,1
3768,609,0
3071,7316,0
6989,7945,0
2357,6255,1
5815,4046,0
6386,7531,0
7683,2897,0
9374,4046,0
456,6115,0
2776,7945,0
9861,4582,0
5006,7316,0
6735,3186,1
2316,3186,0
72,47,0
7970,6449,1
525,2897,0
6571,4046,1
2272,7199,0
2309,7621,0
1471,819,1
4856,7304,1
8511,7913,0
7440,583,0
6552,3941,0
2102,268,0
7440,6609,0
4695,531,0
8511,2590,0
927,3132,0
2030,956,0
9012,165,0
4184,7621,0
481,5332,0
8583,783,0
1678,3238,0
9160,6255,0
1854,533,0
7863,7209,0
9374,6268,0
4305,7199,0
6587,4046,1
7010,609,1
4611,4046,0
8987,47,0
1517,427,0
7846,6310,0
2451,8188,0
9448,7963,0
1678,7954,0
7683,8527,0
3349,7209,0
3071,6360,0
7678,8691,1
6404,3186,1
1134,5004,0
2975,2356,0
6244,1815,0
6244,6310,0
8558,8527,0
3589,128,1
7382,8565,0
5114,171,0
534,300,0
7784,300,1
9175,6511,1
1838,5004,1
1106,7906,0
9378,533,0
4695,2721,0
5889,8236,0
7846,8284,0
7784,2721,1
1404,7531,0
5498,5363,1
5114,6511,0
7125,6115,0
3173,2165,0
5067,7863,0
7784,603,1
5990,2165,0
9667,6563,1
4305,603,1
8511,2721,0
3255,7531,0
1205,7199,0
9240,7621,1
867,7621,0
562,7199,0
6735,2111,1
1646,8306,0
9531,6511,0
9240,1255,0
7716,2356,0
8309,2721,1
7050,819,0
1850,6019,0
7856,7621,0
4880,268,0
9288,6115,0
5265,7954,1
3665,2721,1
8583,7316,0
1109,2897,0
2309,956,1
4184,3046,1
6098,2356,0
3778,7954,0
3951,583,0
2949,7412,0
149,959,0
2186,1815,0
5889,3046,0
6244,7863,0
8368,583,0
4934,585,0
3798,6115,0
942,180,0
5265,6642,0
4570,6360,0
2172,4046,0
9728,8190,1
5254,3046,0
6760,7954,0
156,7199,0
9443,5530,0
6404,6609,0
4925,7660,0
7828,533,1
1917,7945,0
7414,5332,0
7570,28,0
8240,6799,1
974,42,0
2951,6609,0
6645,8065,0
487,2732,0
1471,6019,0
6098,7331,0
2102,5332,0
562,583,1
1429,6793,0
8153,956,0
6029,7996,0
4749,5530,0
3349,6360,0
3862,7199,0
5004,4006,0
1819,5004,0
7970,7209,0
8504,8111,0
4305,6793,0
927,3063,0
7856,6438,0
8832,8257,0
8204,330,0
9667,2732,0
8504,330,0
5006,6360,0
6404,7638,0
5220,7304,0
3492,6845,1
9012,6720,0
1980,7913,1
3425,956,0
8309,956,1
2149,5332,0
7991,5332,0
8983,783,0
2975,6799,0
5957,8594,0
2309,6640,1
6116,866,0
569,7638,0
5372,7638,0
3053,6213,0
4749,583,0
6234,2356,0
5006,4046,0
3664,7945,0
8878,6255,0
897,2165,0
9448,4046,0
1109,7863,1
7045,8257,0
4605,47,0
4605,5334,0
8309,5004,0
7854,8092,0
897,6563,0
1088,5004,0
6807,7621,0
8320,7913,0
9536,7199,0
5734,7913,0
149,5332,0
2374,956,1
9861,42,1
5498,2590,1
5757,583,0
4934,7994,0
6760,7621,0
4965,7913,0
8770,7316,0
4961,7994,0
8747,7304,0
5734,300,1
3053,1020,0
9941,594,0
7854,594,0
7854,6793,0
8959,6642,1
4190,6893,0
3951,6115,1
7045,1306,0
4190,3771,1
8435,583,1
5220,7963,1
2270,6642,0
4880,330,1
3599,7945,0
6374,7080,0
5006,5363,0
3665,7945,0
2616,8257,0
6440,7531,0
2225,7304,0
3071,5530,0
3469,7211,0
3517,533,0
9246,567,0
816,7199,0
6823,2356,0
1482,8111,0
8770,7638,1
6875,7945,0
1404,5004,0
9667,7638,0
5283,7954,0
3003,7638,0
897,4093,0
1252,7638,0
4717,7199,0
1106,2721,0
9531,6360,0
1782,7996,0
6116,7484,0
2949,5332,0
867,6115,0
487,8104,0
5423,7863,0
536,6360,1
4643,7621,0
8368,7209,0
9288,6360,0
7990,8111,0
4611,783,1
974,165,0
6098,268,0
6116,2445,0
7682,7621,1
7683,7954,0
1783,2897,0
3425,6642,0
4190,2721,1
7990,2590,1
8435,6609,0
2975,7199,0
1767,6212,0
3641,5004,0
7677,6451,0
5114,7304,1
8227,6511,0
4635,7638,0
2056,7913,0
9443,6255,0
7846,783,0
5370,47,0
5004,25,1
3595,7963,0
4594,2165,0
8833,8723,1
2677,1020,0
1156,6212,0
3469,4046,0
9261,7945,0
2334,6511,0
6888,5363,0
4635,8257,0
6087,7913,0
2402,2165,0
9124,6793,0
2394,5004,0
5372,1815,0
481,2111,0
9667,6511,0
2949,1255,0
1429,3046,0
3425,6609,0
2378,7863,0
5265,6213,1
2357,2356,0
3026,140,1
4687,7016,1
5889,2721,1
5164,4766,0
8040,5332,0
7742,956,0
6116,8056,0
4610,594,0
5987,8450,0
5423,6511,0
5164,2356,0
4020,7621,1
5370,533,0
9240,6793,0
224,6360,0
7637,1306,0
927,8189,0
9861,7304,0
2401,6115,0
4605,8148,0
5361,6942,1
4115,25,0
5123,6942,0
5265,7531,0
3517,330,1
7919,2793,0
8105,7945,0
1404,6362,1
9536,5334,0
5889,8189,0
2616,8236,0
7045,3941,1
4611,5954,0
3653,7945,1
4733,7199,0
487,3941,0
9018,7316,0
123,6362,0
9288,7304,0
7784,7638,0
9667,7825,0
4182,6793,0
7302,7913,0
2186,3530,0
4324,47,1
4414,961,0
4934,6736,1
149,7638,0
3003,783,0
8117,2590,0
3595,8284,0
3641,6115,0
7440,7621,0
7570,6448,0
5283,7621,0
4643,42,0
8983,7209,0
3899,7316,1
534,7621,0
6989,128,0
8368,7954,0
7683,7531,1
1403,7209,1
4107,7996,0
4959,7954,0
2672,7531,0
7155,7412,0
5773,7945,0
5337,8111,0
487,7412,0
974,583,0
7846,5004,0
6386,3858,0
3492,956,0
8412,7954,0
5114,330,0
2844,6306,0
6116,7306,1
4695,8527,1
2525,6148,1
6587,959,1
7548,47,0
8511,3771,0
6416,6019,0
8651,6213,0
8683,3941,0
2704,6793,0
4127,8190,1
4961,7316,0
7354,330,0
9245,7304,0
9160,300,0
8511,819,0
5935,6284,1
2651,6115,0
5037,5004,0
4430,5334,0
4934,4646,0
7382,2165,0
4305,6438,1
8833,2356,1
9520,7638,0
2374,8189,1
5889,326,1
3684,6063,0
2102,7945,0
5265,1306,0
8583,6609,0
3026,2356,0
7856,8236,0
6690,961,1
8683,7825,0
4074,2165,0
7430,6563,1
2571,5334,0
1595,5363,0
3349,567,0
4635,531,1
3363,2721,1
3248,7638,0
4635,6609,0
3363,7638,0
1767,3063,0
562,7954,0
8240,7945,1
6374,810,0
3951,6449,0
5834,8450,0
536,47,0
3492,3269,0
1404,7304,0
9288,6213,1
4140,7963,0
8412,2735,0
6116,8771,0
9443,2897,0
4880,533,1
6888,6799,0
6690,7462,0
2672,300,1
5705,4046,1
1184,8236,1
3517,8527,0
4553,7638,1
1156,7863,0
4190,7849,1
3289,2356,0
4507,5332,0
227,2165,1
1205,6793,0
8309,7531,0
8615,7913,0
4107,7913,0
2374,427,0
8117,7304,0
4635,6511,0
2672,3941,1
7052,6255,0
9012,7828,0
9672,7863,0
4695,8111,0
7155,7863,1
389,7638,0
7727,6642,0
8681,7199,0
5773,2721,0
5935,533,0
4020,7531,0
9992,4006,0
9987,128,0
4934,594,1
4733,7621,0
8833,8743,0
5889,7954,0
3083,8730,0
4619,819,0
1854,1643,0
6494,7621,0
9450,594,0
4553,7621,0
4190,5363,0
1854,3046,0
8978,180,0
8983,533,0
4389,7621,1
3663,2805,0
6587,1161,1
6760,5332,0
9246,603,0
9170,783,1
536,6511,1
5957,7621,0
3469,6642,1
5734,531,0
6735,6213,1
7165,3269,1
6494,6248,1
1109,6255,0
9992,5004,0
2334,2721,0
6450,7245,0
4733,2732,0
2402,7531,0
1106,6115,0
1156,2897,0
4200,7913,0
4717,7316,0
4880,2356,0
8117,5363,0
7747,603,0
4925,7863,0
3453,1815,0
3289,6360,0
3023,2721,1
7010,8236,0
2056,2208,0
6244,6360,1
5889,8039,0
4184,7954,1
942,7638,0
123,8527,0
4200,8111,0
9726,956,0
2082,47,0
7155,7199,0
1782,4671,0
8833,6588,0
3624,7945,0
9478,5954,0
867,6609,0
2677,609,0
4020,7638,1
3778,7316,0
6494,358,1
2402,609,0
3083,2111,1
9992,2165,0
1482,2111,0
9287,7954,0
2401,8284,0
1677,7863,0
4140,5363,0
8558,5363,1
6087,7199,0
9973,8236,0
3524,7199,0
8747,6511,0
9012,8189,0
5220,7199,0
8204,268,1
6982,609,1
5935,6793,0
9012,1034,0
4733,3530,1
7677,2208,0
9726,6284,1
4733,7996,0
8832,181,1
3899,7638,0
487,5332,0
5372,6019,0
4925,8594,0
7440,7638,0
1677,5363,0
6823,7963,1
8153,2130,1
5987,609,1
6842,6511,1
1205,6511,0
9833,3046,0
4190,6306,0
4140,47,0
8747,7863,0
2332,594,0
9261,6511,1
3599,5363,0
4610,533,1
4570,2721,0
1109,585,0
8833,350,0
7155,300,0
2332,7331,1
3951,6129,0
2369,5363,0
9246,6019,0
5889,5530,0
1646,6449,0
6842,7444,0
490,171,0
5889,2208,0
4265,5332,0
2571,6642,0
2035,6115,0
6794,8111,0
4430,3771,1
4934,3941,0
9240,300,0
3586,594,0
2082,609,1
2102,2111,0
3951,8730,0
9973,7531,0
3023,531,0
6823,956,0
5103,609,1
3517,3186,0
6407,594,0
7430,783,0
5815,7531,1
5815,7638,0
8227,8111,1
2082,8257,0
4140,8257,0
8504,2721,1
3023,956,0
3125,6212,0
5235,330,0
2134,567,0
4695,7211,1
8238,7638,1
5423,7913,0
3663,1945,1
897,8236,0
3083,6213,0
2402,6793,0
4184,6511,0
534,7945,0
9245,3941,0
6842,7621,0
2334,7331,0
2956,8257,1
5773,819,0
481,7863,0
4152,7828,0
6266,533,0
9833,7945,0
2004,7945,0
7637,1255,1
4190,6598,1
5957,8236,0
3589,953,1
525,2356,0
2332,7954,0
9378,583,0
4117,5004,0
3664,533,0
2334,7199,0
9833,7621,1
3000,8450,0
1156,7954,0
5423,7209,0
4829,8450,0
4265,567,0
4467,7638,0
481,6620,0
1672,7954,0
263,5332,0
4414,8189,0
7970,7954,0
6232,7199,0
9520,6793,0
7970,6213,0
9861,7863,1
5957,1306,0
6796,1020,0
3793,783,0
6416,300,0
4695,7945,0
456,7621,1
5990,7621,0
1403,6115,1
4605,2696,0
1681,6255,1
5235,7638,0
2213,3941,0
2102,5004,0
4507,300,0
392,7954,0
8683,165,0
2030,5332,0
3248,6360,0
2451,3548,0
942,3186,0
4619,6360,0
5935,956,0
6735,6,1
6982,330,0
5042,4766,0
7283,330,0
8747,6449,1
4934,3914,0
3862,8490,0
7052,2721,1
6823,594,0
3053,4046,0
9378,2897,0
6416,4046,0
3023,783,0
7125,533,0
3232,7638,0
3023,300,0
4605,5530,0
7010,7996,1
9852,6793,0
6450,7913,0
9478,7863,0
4605,1150,0
534,5363,0
7283,7199,0
5037,47,0
9012,3548,0
8227,6115,0
3425,7945,0
3517,2280,1
1850,6793,0
5889,7358,1
1252,6255,0
8511,181,0
3003,7621,0
1057,6793,0
8153,3046,0
3417,533,1
3425,6255,0
2357,6640,0
9138,2356,0
2004,180,0
8040,6362,0
3023,6609,0
5498,6793,0
5237,819,0
3003,2165,0
7747,2356,0
2309,1815,0
8833,7209,0
8683,609,0
7637,4578,0
562,7913,0
569,6,0
2213,7913,0
1398,6511,0
4092,6255,0
5987,7828,0
7856,6609,0
6239,6268,1
4200,6511,0
4249,5954,0
1184,1306,0
9740,3186,0
8577,5004,0
7181,7945,1
3125,7913,1
3083,7954,0
5778,4046,0
7155,5004,0
9246,4006,1
6087,6255,0
6116,8190,1
2082,5004,1
1109,8306,0
8920,3046,0
7776,583,0
4182,128,0
4190,7863,0
3798,531,0
8579,8111,0
881,7209,0
2401,5332,0
3624,3046,0
569,5530,0
9246,956,0
2949,6129,0
487,8131,0
9443,7304,0
227,609,1
2369,7638,0
942,2165,0
4687,6255,0
2402,5332,0
6986,1815,0
8240,959,0
5734,6212,0
2844,7621,0
6875,533,0
5838,5363,0
1917,7828,0
2956,7945,0
2056,6842,0
9288,7963,0
8238,6563,1
3328,1815,0
4020,5004,0
8747,4006,1
4074,7913,0
3363,6609,0
4635,6255,1
6440,8771,0
8128,8257,0
9714,7304,0
5164,7531,0
8240,819,1
7784,6744,1
8492,2356,0
8964,7994,0
4856,5530,1
536,7954,0
2672,7954,1
8833,6213,1
9443,7863,0
9288,4046,0
8770,7531,1
974,25,0
1205,47,0
3798,25,0
9714,7412,0
3387,7316,0
8465,819,0
6760,300,0
942,7913,0
3665,7209,1
1517,6360,0
4880,8152,1
9791,2165,0
3071,6019,0
7747,6640,1
9552,330,0
1854,7316,0
6155,2721,1
3641,6255,0
7863,6360,0
2337,5332,0
5114,6212,0
2316,7199,0
4605,6511,0
7354,300,0
4252,6360,0
7991,567,0
6986,2721,1
7430,533,0
3951,6284,1
9450,337,0
4965,6511,0
5705,2356,0
881,6255,0
9170,7621,1
1850,783,0
2102,2356,1
8681,7828,0
149,300,0
7828,7945,0
2332,603,0
1085,6360,0
2684,2590,0
9987,8075,1
2402,4205,0
6386,171,0
8504,7621,0
2332,3186,1
9992,6640,1
5734,5363,1
7570,583,0
2402,8236,0
9536,8306,0
6266,1020,1
3417,5004,0
8128,6563,1
4570,6744,0
9018,8527,0
2186,7331,0
2677,6609,0
3589,2590,1
8577,47,0
4389,5004,0
1109,7913,0
3509,6255,0
5979,6255,0
2082,6609,0
8128,6360,0
2357,8527,0
3510,583,0
8683,585,0
3798,6642,0
7784,5332,0
156,583,0
5006,6063,0
8833,1306,1
536,7199,0
6440,533,0
4389,6360,0
8128,8111,0
4856,7954,1
6440,585,1
3951,8250,0
3969,7954,0
6440,8527,0
4925,2356,0
6116,603,1
3862,147,1
6386,358,1
3026,6511,0
7990,7080,1
3517,6511,1
4610,5332,0
9498,4046,0
6755,7954,0
2012,7863,0
9160,5004,0
2677,47,0
3517,7304,0
227,7331,0
8504,6360,0
5123,7199,0
8978,8189,1
7716,1306,0
4127,2590,1
1213,2590,0
4733,6,0
881,5332,0
8806,8190,0
8959,7209,0
867,7199,0
8412,5363,0
7052,7199,0
1205,7304,0
9170,4578,0
9714,128,0
8238,6019,0
9740,2356,0
1471,2165,0
2672,6449,1
9992,5363,0
6494,6255,0
6494,7016,1
8747,3530,1
3023,7963,0
5778,6609,0
2571,5004,0
2677,6,0
2374,6799,1
490,7199,0
7430,7913,0
2525,7209,0
3023,583,0
6404,6511,0
4553,7316,0
9973,6511,0
8959,8532,1
6702,8111,0
7167,178,1
149,8065,0
6494,8257,1
8964,7849,0
7747,7122,1
4020,3941,0
6098,42,0
8651,5004,0
7716,7104,1
6587,6793,1
481,7199,0
8309,783,0
4965,5334,0
6690,819,1
9973,6609,0
2186,7913,0
3023,7913,0
6823,7849,0
8435,6793,0
3793,8402,1
8833,7531,0
9861,7638,1
8240,8306,1
1205,7863,0
9478,7828,0
7125,7304,0
4467,7199,0
1403,533,0
9378,25,0
4880,6153,1
8747,5530,0
9175,603,1
8227,8306,0
5778,6511,0
2309,7863,0
2270,2208,0
8806,7945,0
7570,594,1
5220,583,0
6571,5332,0
4733,5332,0
3749,7209,1
2975,7316,0
2451,7531,0
2451,7996,0
1681,7913,0
1109,7621,0
3083,7621,0
6116,6842,0
5006,6642,0
1429,5332,0
6690,1643,0
6374,5954,0
3026,7954,0
8309,6563,1
867,783,0
5935,268,1
4265,6609,0
5757,7954,0
5957,1020,1
2672,8257,1
4190,7715,1
3969,300,0
8747,533,0
2334,8188,0
6116,5334,0
5006,1255,0
3517,8152,1
3663,959,0
4265,3186,0
2651,7199,0
2466,6019,0
9290,7638,0
5734,7412,1
2149,956,0
7570,2805,1
5957,25,1
4190,1622,0
4717,956,0
9138,6511,0
5337,7209,0
1398,47,0
2688,6942,0
5957,181,1
1398,783,1
2012,6511,0
4934,6362,1
5757,4046,1
4184,1643,0
7970,2356,1
3289,6255,0
7155,533,1
9246,7199,0
1838,7913,1
2844,7531,0
9478,6642,0
3589,956,0
2369,6284,1
456,3941,0
4611,181,0
3023,8284,0
3425,7621,1
3599,7638,0
5254,6255,0
9531,7715,0
6116,328,1
9374,7531,0
8681,8257,0
6760,6360,0
4733,3186,1
8504,7199,0
7637,3046,0
4687,603,0
4249,1945,0
6386,5363,1
9987,6642,0
6116,531,0
8227,6,0
5004,6019,0
5330,7638,0
7053,181,0
4733,2958,1
440,140,0
5237,8111,1
916,533,0
2270,7199,0
1213,7863,0
2149,7621,1
487,4046,0
7430,6115,0
7053,2805,1
5123,8111,0
4605,7462,0
7716,583,0
3071,533,0
4733,5004,0
2616,7621,1
3624,533,0
867,5004,0
6440,300,0
123,7199,0
9448,3941,0
9240,5530,0
9240,4046,1
2949,8527,0
8368,5363,0
5330,6793,0
7846,6511,0
8747,2721,1
5889,533,1
8878,6511,0
4610,7531,0
487,140,1
9973,783,1
3969,1994,0
5705,7954,0
4127,583,1
8579,7863,0
8833,6212,0
3232,6362,0
8964,8189,0
2504,7531,0
7919,5004,0
9378,7199,0
6587,5961,1
487,4578,0
3000,47,0
3517,8236,1
7742,25,0
415,6360,0
7637,7638,0
9536,6255,0
2309,8625,0
3026,5332,0
4619,6255,0
2149,2445,0
3417,5363,0
1398,531,0
2316,5332,0
3517,2697,1
5979,7531,0
3328,25,1
8681,8190,0
4687,2165,0
3173,783,1
2672,7209,0
4020,330,1
4925,7621,1
5705,6255,0
4925,8139,0
6116,1306,0
7747,1815,0
3798,8092,0
4214,2721,1
4880,7954,0
8368,5004,0
2402,4206,1
7053,5332,0
7846,7209,0
3969,7945,0
3509,128,0
3798,8306,0
263,7638,0
7053,7199,0
9175,181,0
897,533,1
8227,4046,1
6116,1622,0
1088,7621,1
4717,6360,0
3453,7954,0
3778,7621,0
7784,3046,0
9175,7863,1
6587,6799,1
7283,5004,0
4695,5004,0
7919,583,0
3349,7621,0
6407,7954,0
5283,6793,0
5773,6609,0
4717,25,0
2056,1571,0
5283,533,0
8227,7304,0
1854,6213,0
224,533,0
3589,1034,0
9861,7954,0
7863,7945,0
3349,7945,0
2357,171,0
3255,7209,0
1677,1588,0
8615,638,0
378,5332,0
3595,5530,1
4643,7531,1
7990,3771,0
1398,7913,0
440,594,0
8651,128,0
8240,6609,0
7846,6609,0
6029,7863,0
6989,6019,0
5237,956,0
9160,7209,0
6232,6642,0
569,7621,1
974,128,0
9290,6153,0
392,8257,0
2272,956,0
8240,2356,0
3641,8188,1
3355,3186,0
4717,6019,0
3899,7621,1
6098,7316,0
4619,2356,0
7548,140,0
3071,6255,0
3053,7621,0
6823,6360,0
7678,5961,1
7828,2590,0
4880,4646,1
4934,7531,0
6760,7304,0
7050,47,0
2844,4046,0
7430,7945,0
6386,337,0
2949,42,0
1595,4277,0
6888,6793,0
7856,6942,0
8238,956,1
5220,6019,0
9012,6723,0
2949,1020,0
7770,300,0
4182,47,0
6823,7945,1
6232,147,1
2616,8527,0
7010,594,1
3665,5332,0
3026,4046,0
9987,7209,0
4605,3918,0
5006,8527,0
4117,7304,0
6807,6360,0
5004,7906,0
7991,7358,1
8747,7994,0
9536,3771,1
3363,6019,0
7045,6799,1
6807,6609,0
2082,330,0
4610,5363,0
8683,7945,0
6234,583,0
3023,1161,0
2704,8284,1
7165,7954,1
123,6793,0
9552,140,0
3749,7996,0
2225,6362,1
3595,1643,0
4961,8236,0
4594,7211,0
8747,7199,0
4635,2697,0
7302,1571,0
4553,7996,0
7716,4578,0
1088,594,0
149,2111,0
481,6255,0
6386,7412,0
2844,5530,0
8504,25,0
9758,8236,0
2684,533,1
5123,2697,1
3793,7621,0
1398,2208,0
6823,3186,1
6116,151,0
8227,7316,1
8583,7945,0
4733,7954,0
2272,6793,0
4020,7444,0
6982,4046,0
5773,533,0
5734,171,0
4467,8257,0
8987,7199,0
7990,2165,0
9498,5363,0
5123,181,0
3684,7199,0
7952,7199,0
9261,8257,0
481,3046,0
9448,2165,1
7007,2793,0
8435,956,0
5235,4046,0
8964,533,0
1595,7638,1
8964,583,0
5838,6360,0
5734,8236,0
2672,2165,0
9992,3676,0
6755,6640,0
3232,7621,1
6494,268,1
3517,4646,0
4389,6793,0
5067,8257,0
3289,956,0
2975,1815,0
3000,4046,0
4501,4205,0
2684,6793,0
8651,1643,0
149,3941,0
8683,5363,0
9672,6793,0
5815,5004,1
9448,181,0
3425,7209,0
4925,583,0
5037,5363,0
8558,2165,1
4611,6255,0
4190,583,0
9012,568,0
5220,4046,0
3665,330,0
3517,2721,1
9791,7756,1
4605,7531,0
3469,140,0
6888,47,0
1404,533,0
5987,47,1
2956,7913,0
4190,7531,0
1782,165,1
8240,1815,0
4074,533,0
4324,638,0
7747,140,1
9672,956,0
5838,4046,0
2776,6,0
7677,6642,0
5889,1815,1
7854,6609,1
3969,6716,1
4389,7412,1
4717,7945,1
5979,4646,0
4389,7954,0
2402,7715,1
6029,7621,1
7716,7954,0
3160,7954,0
9861,6213,1
5037,6451,0
3969,6115,1
4934,6640,0
9478,6511,0
8227,6642,0
8240,8152,1
5889,4205,1
927,3238,0
3255,8189,0
6690,8004,0
6986,7621,0
7919,2208,0
6702,7638,0
8832,330,1
2035,7638,0
8412,7199,0
2402,533,0
3539,2590,0
5773,268,0
4184,583,0
6690,6360,0
7716,8257,0
8227,6284,1
6116,836,0
72,7316,0
1471,7945,0
1429,2590,0
8983,7945,0
9401,25,0
5006,6563,0
4695,7715,1
3539,7638,0
8681,6255,0
4092,6793,0
7678,794,1
392,7996,0
2776,6019,0
4115,6744,1
6494,7638,0
4152,300,1
227,7913,0
9246,6310,0
8987,3046,0
8978,956,0
4605,6609,0
4414,8092,0
562,300,0
562,1034,0
9536,8603,0
8309,47,0
6823,7444,0
4152,7913,0
6244,609,1
569,961,0
9160,8056,0
7382,5363,0
3492,7621,0
4249,1306,0
7678,181,0
4959,7209,0
149,783,0
8240,7209,0
1156,4582,0
3664,7199,0
3524,330,1
5194,2590,0
4249,7316,0
1782,583,0
7050,6438,0
6735,7199,0
3515,7199,0
6404,2356,0
6440,7621,0
5834,7621,0
2949,2590,0
305,6255,0
8833,1161,0
5734,7828,0
2270,8111,0
9520,583,0
1085,7913,1
5957,4582,0
490,3238,0
2956,6255,0
4934,5332,0
9378,5004,0
3026,300,0
2270,5004,0
6807,6793,0
4733,583,0
1429,6511,0
5979,7954,0
5123,330,0
9941,330,0
4182,330,0
4880,7638,0
3778,268,0
3744,47,0
8153,7954,0
2975,4766,0
4180,330,0
7683,6019,0
7181,268,0
3951,7358,0
2956,6115,0
7283,7913,0
8435,330,0
7952,7638,0
6494,7304,0
6386,7828,0
8747,956,0
8747,5004,1
3663,8594,0
9672,6284,0
4127,7913,0
9290,5334,0
2332,3107,0
2332,2721,1
6386,8188,0
3684,330,0
2378,7531,0
2172,5363,0
5838,7638,1
1595,5530,1
4635,1306,1
2378,6511,0
4856,819,1
5283,178,0
8558,47,0
3363,6115,0
2369,7945,1
1109,7531,0
6702,783,0
3313,171,0
8465,8198,0
8747,6213,1
7770,2721,1
6823,3046,1
9443,7913,0
4152,6642,1
8999,4046,0
4127,7863,0
3083,6720,1
9714,1306,0
9012,3530,0
9450,8004,1
5330,7211,0
7414,47,0
4020,300,0
3599,5332,0
525,7913,0
7045,594,0
7856,6511,0
2337,7954,0
5254,6609,0
8128,7945,0
5067,5334,1
2672,956,1
2374,3046,0
3517,594,1
3744,6640,1
9261,5363,0
7742,2697,1
1767,6642,1
5498,181,1
7990,47,0
160,4006,0
562,7945,1
8227,7621,0
7991,330,0
2091,2165,1
1429,7316,0
1767,5530,1
6450,6213,0
8238,7963,1
4107,47,0
4107,2356,1
8368,7715,0
6823,427,0
5194,7304,0
7784,5004,0
569,8527,0
3313,7863,0
9728,7954,0
9973,6793,0
5990,47,0
4501,5004,0
3387,7945,0
3328,5363,1
3417,7199,0
6116,7828,1
8983,300,0
8492,6255,0
5265,7316,1
481,3941,0
3951,6213,0
8833,4582,0
3793,2721,0
2951,6115,0
1782,5530,0
2149,603,1
5423,8038,1
1109,8250,0
9740,956,0
867,2165,0
1471,5363,0
7155,1020,1
3624,5332,0
7784,178,0
2975,5004,0
1980,6212,1
415,594,0
2844,4277,0
7430,8236,0
3071,7621,0
9401,5363,0
8504,7638,0
8320,7316,1
8920,2165,0
6494,594,1
9740,6255,0
7302,783,0
6386,42,1
1677,583,0
2102,7199,0
8747,1945,1
9170,8189,0
1106,2958,0
3749,5004,0
4305,8450,0
4265,8200,1
7053,7863,0
149,427,0
3469,7199,0
1088,533,0
7716,6284,1
4733,8075,0
6823,3046,0
2270,1034,0
72,6255,0
5979,7638,0
5114,2721,0
8511,956,0
974,7621,0
4643,300,0
2012,3941,0
534,7954,0
3425,300,1
2394,330,0
6986,5332,0
9672,4093,0
3173,6255,0
8227,5004,0
305,6511,0
